,Segment,Country,Product,Discount Band,Units Sold,Manufacturing Price,Sale Price,Gross Sales,Discounts, Sales,COGS,Profit,Date,Month Number,Month Name,Year,GrossManuAmt
0,Government,CAN,Carretera,Low,1618.5,3,0.22,357.44,0.0,357.44,178.72,178.72,2014-01-01,1,Jan,2014,53.62
1,Government,GER,Carretera,Low,1321.0,3,0.22,291.74,0.0,291.74,145.87,145.87,2014-01-01,1,Jan,2014,43.76
2,Midmarket,FRA,Carretera,Low,2178.0,3,0.17,360.76,0.0,360.76,240.5,120.25,2014-06-01,6,Jun,2014,72.15
3,Midmarket,GER,Carretera,Low,888.0,3,0.17,147.08,0.0,147.08,98.06,49.03,2014-06-01,6,Jun,2014,29.42
4,Midmarket,MEX,Carretera,Low,2470.0,3,0.17,409.12,0.0,409.12,272.75,136.37,2014-06-01,6,Jun,2014,81.82
5,Government,GER,Carretera,Low,1513.0,3,3.86,5847.5,0.0,5847.5,4343.86,1503.64,2014-12-01,12,Dec,2014,50.12
6,Midmarket,GER,Montana,Low,921.0,5,0.17,152.55,0.0,152.55,101.7,50.85,2014-03-01,3,Mar,2014,50.85
7,Channel Partners,CAN,Montana,Low,2518.0,5,0.13,333.66,0.0,333.66,83.41,250.24,2014-06-01,6,Jun,2014,139.02
8,Government,FRA,Montana,Low,1899.0,5,0.22,419.39,0.0,419.39,209.7,209.7,2014-06-01,6,Jun,2014,104.85
9,Channel Partners,GER,Montana,Low,1545.0,5,0.13,204.73,0.0,204.73,51.18,153.54,2014-06-01,6,Jun,2014,85.3
10,Midmarket,MEX,Montana,Low,2470.0,5,0.17,409.12,0.0,409.12,272.75,136.37,2014-06-01,6,Jun,2014,136.37
11,Enterprise,CAN,Montana,Low,2665.5,5,1.38,3679.19,0.0,3679.19,3532.02,147.17,2014-07-01,7,Jul,2014,147.17
12,Small Business,MEX,Montana,Low,958.0,5,3.31,3173.59,0.0,3173.59,2644.66,528.93,2014-08-01,8,Aug,2014,52.89
13,Government,GER,Montana,Low,2146.0,5,0.08,165.88,0.0,165.88,118.48,47.39,2014-09-01,9,Sep,2014,118.48
14,Enterprise,CAN,Montana,Low,345.0,5,1.38,476.2,0.0,476.2,457.16,19.05,2013-10-01,10,Oct,2013,19.05
15,Midmarket,USA,Montana,Low,615.0,5,0.17,101.87,0.0,101.87,67.91,33.96,2014-12-01,12,Dec,2014,33.96
16,Government,CAN,Paseo,Low,292.0,10,0.22,64.49,0.0,64.49,32.24,32.24,2014-02-01,2,Feb,2014,32.24
17,Midmarket,MEX,Paseo,Low,974.0,10,0.17,161.33,0.0,161.33,107.55,53.78,2014-02-01,2,Feb,2014,107.55
18,Channel Partners,CAN,Paseo,Low,2518.0,10,0.13,333.66,0.0,333.66,83.41,250.24,2014-06-01,6,Jun,2014,278.05
19,Government,GER,Paseo,Low,1006.0,10,3.86,3888.03,0.0,3888.03,2888.25,999.78,2014-06-01,6,Jun,2014,111.09
20,Channel Partners,GER,Paseo,Low,367.0,10,0.13,48.63,0.0,48.63,12.16,36.47,2014-07-01,7,Jul,2014,40.53
21,Government,MEX,Paseo,Low,883.0,10,0.08,68.25,0.0,68.25,48.75,19.5,2014-08-01,8,Aug,2014,97.5
22,Midmarket,FRA,Paseo,Low,549.0,10,0.17,90.93,0.0,90.93,60.62,30.31,2013-09-01,9,Sep,2013,60.62
23,Small Business,MEX,Paseo,Low,788.0,10,3.31,2610.42,0.0,2610.42,2175.35,435.07,2013-09-01,9,Sep,2013,87.01
24,Midmarket,MEX,Paseo,Low,2472.0,10,0.17,409.45,0.0,409.45,272.97,136.48,2014-09-01,9,Sep,2014,272.97
25,Government,USA,Paseo,Low,1143.0,10,0.08,88.35,0.0,88.35,63.11,25.24,2014-10-01,10,Oct,2014,126.21
26,Government,CAN,Paseo,Low,1725.0,10,3.86,6666.85,0.0,6666.85,4952.52,1714.33,2013-11-01,11,Nov,2013,190.48
27,Channel Partners,USA,Paseo,Low,912.0,10,0.13,120.85,0.0,120.85,30.21,90.64,2013-11-01,11,Nov,2013,100.71
28,Midmarket,CAN,Paseo,Low,2152.0,10,0.17,356.45,0.0,356.45,237.63,118.82,2013-12-01,12,Dec,2013,237.63
29,Government,CAN,Paseo,Low,1817.0,10,0.22,401.28,0.0,401.28,200.64,200.64,2014-12-01,12,Dec,2014,200.64
30,Enterprise,GER,Paseo,Low,1513.0,10,3.86,5847.5,0.0,5847.5,4343.86,1503.64,2014-12-01,12,Dec,2014,167.07
31,Enterprise,MEX,Velo,Low,1493.0,120,0.08,115.4,0.0,115.4,82.43,32.97,2014-01-01,1,Jan,2014,1978.36
32,Enterprise,FRA,Velo,Low,1804.0,120,1.38,2490.06,0.0,2490.06,2390.46,99.6,2014-02-01,2,Feb,2014,2390.46
33,Channel Partners,GER,Velo,Low,2161.0,120,0.13,286.35,0.0,286.35,71.59,214.76,2014-03-01,3,Mar,2014,2863.52
34,Government,GER,Velo,Low,1006.0,120,3.86,3888.03,0.0,3888.03,2888.25,999.78,2014-06-01,6,Jun,2014,1333.04
35,Channel Partners,GER,Velo,Low,1545.0,120,0.13,204.73,0.0,204.73,51.18,153.54,2014-06-01,6,Jun,2014,2047.26
36,Enterprise,USA,Velo,Low,2821.0,120,1.38,3893.83,0.0,3893.83,3738.07,155.75,2014-08-01,8,Aug,2014,3738.07
37,Enterprise,CAN,Velo,Low,345.0,120,1.38,476.2,0.0,476.2,457.16,19.05,2013-10-01,10,Oct,2013,457.16
38,Small Business,CAN,VTT,Low,2001.0,250,3.31,6628.75,0.0,6628.75,5523.96,1104.79,2014-02-01,2,Feb,2014,5523.96
39,Channel Partners,GER,VTT,Low,2838.0,250,0.13,376.06,0.0,376.06,94.02,282.05,2014-04-01,4,Apr,2014,7834.58
40,Midmarket,FRA,VTT,Low,2178.0,250,0.17,360.76,0.0,360.76,240.5,120.25,2014-06-01,6,Jun,2014,6012.59
41,Midmarket,GER,VTT,Low,888.0,250,0.17,147.08,0.0,147.08,98.06,49.03,2014-06-01,6,Jun,2014,2451.41
42,Government,FRA,VTT,Low,1527.0,250,3.86,5901.61,0.0,5901.61,4384.05,1517.56,2013-09-01,9,Sep,2013,4215.44
43,Small Business,FRA,VTT,Low,2151.0,250,3.31,7125.66,0.0,7125.66,5938.05,1187.61,2014-09-01,9,Sep,2014,5938.05
44,Government,CAN,VTT,Low,1817.0,250,0.22,401.28,0.0,401.28,200.64,200.64,2014-12-01,12,Dec,2014,5016.01
45,Government,FRA,Amarilla,Low,2750.0,260,3.86,10628.31,0.0,10628.31,7895.32,2732.99,2014-02-01,2,Feb,2014,7895.32
46,Channel Partners,USA,Amarilla,Low,1953.0,260,0.13,258.79,0.0,258.79,64.7,194.09,2014-04-01,4,Apr,2014,5607.11
47,Enterprise,GER,Amarilla,Low,4219.5,260,1.38,5824.18,0.0,5824.18,5591.21,232.97,2014-04-01,4,Apr,2014,12114.29
48,Government,FRA,Amarilla,Low,1899.0,260,0.22,419.39,0.0,419.39,209.7,209.7,2014-06-01,6,Jun,2014,5452.08
49,Government,GER,Amarilla,Low,1686.0,260,0.08,130.32,0.0,130.32,93.09,37.23,2014-07-01,7,Jul,2014,4840.55
50,Channel Partners,USA,Amarilla,Low,2141.0,260,0.13,283.7,0.0,283.7,70.93,212.78,2014-08-01,8,Aug,2014,6146.86
51,Government,USA,Amarilla,Low,1143.0,260,0.08,88.35,0.0,88.35,63.11,25.24,2014-10-01,10,Oct,2014,3281.58
52,Midmarket,USA,Amarilla,Low,615.0,260,0.17,101.87,0.0,101.87,67.91,33.96,2014-12-01,12,Dec,2014,1765.68
53,Government,FRA,Paseo,Low,3945.0,10,0.08,304.94,3.05,301.89,217.81,84.08,2014-01-01,1,Jan,2014,435.62
54,Midmarket,FRA,Paseo,Low,2296.0,10,0.17,380.3,3.8,376.5,253.53,122.96,2014-02-01,2,Feb,2014,253.53
55,Government,FRA,Paseo,Low,1030.0,10,0.08,79.62,0.8,78.82,56.87,21.95,2014-05-01,5,May,2014,113.74
56,Government,FRA,Velo,Low,639.0,120,0.08,49.39,0.49,48.9,35.28,13.62,2014-11-01,11,Nov,2014,846.73
57,Government,CAN,VTT,Low,1326.0,250,0.08,102.5,1.02,101.47,73.21,28.26,2014-03-01,3,Mar,2014,3660.56
58,Government,USA,Carretera,Low,1858.0,3,0.13,246.2,2.46,243.74,61.55,182.19,2014-02-01,2,Feb,2014,61.55
59,Government,MEX,Carretera,Low,1210.0,3,3.86,4676.46,46.76,4629.69,3473.94,1155.75,2014-03-01,3,Mar,2014,40.08
60,Government,USA,Carretera,Low,2529.0,3,0.08,195.48,1.95,193.53,139.63,53.9,2014-07-01,7,Jul,2014,83.78
61,Channel Partners,CAN,Carretera,Low,1445.0,3,0.13,191.48,1.91,189.56,47.87,141.69,2014-09-01,9,Sep,2014,47.87
62,Enterprise,USA,Carretera,Low,330.0,3,1.38,455.5,4.55,450.94,437.28,13.66,2013-09-01,9,Sep,2013,10.93
63,Channel Partners,FRA,Carretera,Low,2671.0,3,0.13,353.93,3.54,350.39,88.48,261.91,2014-09-01,9,Sep,2014,88.48
64,Channel Partners,GER,Carretera,Low,766.0,3,0.13,101.5,1.02,100.49,25.38,75.11,2013-10-01,10,Oct,2013,25.38
65,Small Business,MEX,Carretera,Low,494.0,3,3.31,1636.48,16.36,1620.12,1363.74,256.38,2013-10-01,10,Oct,2013,16.36
66,Government,MEX,Carretera,Low,1397.0,3,3.86,5399.18,53.99,5345.19,4010.82,1334.37,2014-10-01,10,Oct,2014,46.28
67,Government,FRA,Carretera,Low,2155.0,3,3.86,8328.73,83.29,8245.45,6187.06,2058.39,2014-12-01,12,Dec,2014,71.39
68,Midmarket,MEX,Montana,Low,2214.0,5,0.17,366.72,3.67,363.05,244.48,118.57,2014-03-01,3,Mar,2014,122.24
69,Small Business,USA,Montana,Low,2301.0,5,3.31,7622.57,76.23,7546.34,6352.14,1194.2,2014-04-01,4,Apr,2014,127.04
70,Government,FRA,Montana,Low,1375.5,5,0.22,303.78,3.04,300.74,151.89,148.85,2014-07-01,7,Jul,2014,75.94
71,Government,CAN,Montana,Low,1830.0,5,0.08,141.45,1.41,140.04,101.04,39.0,2014-08-01,8,Aug,2014,101.04
72,Small Business,USA,Montana,Low,2498.0,5,3.31,8275.18,82.75,8192.42,6895.98,1296.44,2013-09-01,9,Sep,2013,137.92
73,Enterprise,USA,Montana,Low,663.0,5,1.38,915.14,9.15,905.99,878.53,27.45,2013-10-01,10,Oct,2013,36.61
74,Midmarket,USA,Paseo,Low,1514.0,10,0.17,250.77,2.51,248.27,167.18,81.08,2014-02-01,2,Feb,2014,167.18
75,Government,USA,Paseo,Low,4492.5,10,0.08,347.26,3.47,343.78,248.04,95.74,2014-04-01,4,Apr,2014,496.08
76,Enterprise,USA,Paseo,Low,727.0,10,1.38,1003.48,10.03,993.44,963.34,30.1,2014-06-01,6,Jun,2014,80.28
77,Enterprise,FRA,Paseo,Low,787.0,10,1.38,1086.3,10.86,1075.43,1042.84,32.59,2014-06-01,6,Jun,2014,86.9
78,Enterprise,MEX,Paseo,Low,1823.0,10,1.38,2516.29,25.16,2491.12,2415.64,75.49,2014-07-01,7,Jul,2014,201.3
79,Midmarket,GER,Paseo,Low,747.0,10,0.17,123.73,1.24,122.49,82.49,40.01,2014-09-01,9,Sep,2014,82.49
80,Channel Partners,GER,Paseo,Low,766.0,10,0.13,101.5,1.02,100.49,25.38,75.11,2013-10-01,10,Oct,2013,84.58
81,Small Business,USA,Paseo,Low,2905.0,10,3.31,9623.45,96.23,9527.22,8019.55,1507.67,2014-11-01,11,Nov,2014,320.78
82,Government,FRA,Paseo,Low,2155.0,10,3.86,8328.73,83.29,8245.45,6187.06,2058.39,2014-12-01,12,Dec,2014,237.96
83,Government,FRA,Velo,Low,3864.0,120,0.22,853.36,8.53,844.82,426.68,418.14,2014-04-01,4,Apr,2014,5120.14
84,Government,MEX,Velo,Low,362.0,120,0.08,27.98,0.28,27.7,19.99,7.71,2014-05-01,5,May,2014,479.68
85,Enterprise,CAN,Velo,Low,923.0,120,1.38,1274.02,12.74,1261.28,1223.06,38.22,2014-08-01,8,Aug,2014,1223.06
86,Enterprise,USA,Velo,Low,663.0,120,1.38,915.14,9.15,905.99,878.53,27.45,2013-10-01,10,Oct,2013,878.53
87,Government,CAN,Velo,Low,2092.0,120,0.08,161.7,1.62,160.09,115.5,44.58,2013-11-01,11,Nov,2013,2772.08
88,Government,USA,VTT,Low,263.0,250,0.08,20.33,0.2,20.13,14.52,5.61,2014-03-01,3,Mar,2014,726.04
89,Government,USA,VTT,Low,943.5,250,3.86,3646.48,36.46,3610.01,2708.81,901.2,2014-04-01,4,Apr,2014,2604.63
90,Enterprise,USA,VTT,Low,727.0,250,1.38,1003.48,10.03,993.44,963.34,30.1,2014-06-01,6,Jun,2014,2006.96
91,Enterprise,FRA,VTT,Low,787.0,250,1.38,1086.3,10.86,1075.43,1042.84,32.59,2014-06-01,6,Jun,2014,2172.59
92,Small Business,GER,VTT,Low,986.0,250,3.31,3266.34,32.66,3233.68,2721.95,511.73,2014-09-01,9,Sep,2014,2721.95
93,Small Business,MEX,VTT,Low,494.0,250,3.31,1636.48,16.36,1620.12,1363.74,256.38,2013-10-01,10,Oct,2013,1363.74
94,Government,MEX,VTT,Low,1397.0,250,3.86,5399.18,53.99,5345.19,4010.82,1334.37,2014-10-01,10,Oct,2014,3856.56
95,Enterprise,FRA,VTT,Low,1744.0,250,1.38,2407.24,24.07,2383.17,2310.95,72.22,2014-11-01,11,Nov,2014,4814.49
96,Channel Partners,USA,Amarilla,Low,1989.0,260,0.13,263.56,2.64,260.92,65.89,195.03,2013-09-01,9,Sep,2013,5710.47
97,Midmarket,FRA,Amarilla,Low,321.0,260,0.17,53.17,0.53,52.64,35.45,17.19,2013-11-01,11,Nov,2013,921.6
98,Enterprise,CAN,Carretera,Low,742.5,3,1.38,1024.87,20.5,1004.38,983.88,20.5,2014-04-01,4,Apr,2014,24.6
99,Channel Partners,CAN,Carretera,Low,1295.0,3,0.13,171.6,3.43,168.17,42.9,125.27,2014-10-01,10,Oct,2014,42.9
100,Small Business,GER,Carretera,Low,214.0,3,3.31,708.92,14.18,694.74,590.77,103.98,2013-10-01,10,Oct,2013,7.09
101,Government,FRA,Carretera,Low,2145.0,3,0.08,165.8,3.32,162.49,118.43,44.06,2013-11-01,11,Nov,2013,71.06
102,Government,CAN,Carretera,Low,2852.0,3,3.86,11022.53,220.45,10802.08,8188.16,2613.91,2014-12-01,12,Dec,2014,94.48
103,Channel Partners,USA,Montana,Low,1142.0,5,0.13,151.33,3.03,148.3,37.83,110.47,2014-06-01,6,Jun,2014,63.05
104,Government,USA,Montana,Low,1566.0,5,0.22,345.85,6.92,338.93,172.92,166.01,2014-10-01,10,Oct,2014,86.46
105,Channel Partners,MEX,Montana,Low,690.0,5,0.13,91.43,1.83,89.6,22.86,66.74,2014-11-01,11,Nov,2014,38.1
106,Enterprise,MEX,Montana,Low,1660.0,5,1.38,2291.3,45.83,2245.47,2199.65,45.83,2013-11-01,11,Nov,2013,91.65
107,Midmarket,CAN,Paseo,Low,2363.0,10,0.17,391.4,7.83,383.57,260.93,122.64,2014-02-01,2,Feb,2014,260.93
108,Small Business,FRA,Paseo,Low,918.0,10,3.31,3041.08,60.82,2980.26,2534.23,446.02,2014-05-01,5,May,2014,101.37
109,Small Business,GER,Paseo,Low,1728.0,10,3.31,5724.38,114.49,5609.89,4770.32,839.58,2014-05-01,5,May,2014,190.81
110,Channel Partners,GER,Paseo,Low,1142.0,10,0.13,151.33,3.03,148.3,37.83,110.47,2014-06-01,6,Jun,2014,126.1
111,Enterprise,GER,Paseo,Low,662.0,10,1.38,913.76,18.28,895.48,877.21,18.28,2014-06-01,6,Jun,2014,73.1
112,Channel Partners,GER,Paseo,Low,1295.0,10,0.13,171.6,3.43,168.17,42.9,125.27,2014-10-01,10,Oct,2014,143.0
113,Enterprise,GER,Paseo,Low,809.0,10,1.38,1116.66,22.33,1094.33,1072.0,22.33,2013-10-01,10,Oct,2013,89.33
114,Enterprise,MEX,Paseo,Low,2145.0,10,1.38,2960.74,59.21,2901.53,2842.31,59.21,2013-10-01,10,Oct,2013,236.86
115,Channel Partners,FRA,Paseo,Low,1785.0,10,0.13,236.53,4.73,231.8,59.13,172.67,2013-11-01,11,Nov,2013,197.11
116,Small Business,CAN,Paseo,Low,1916.0,10,3.31,6347.17,126.94,6220.23,5289.31,930.92,2014-12-01,12,Dec,2014,211.57
117,Government,CAN,Paseo,Low,2852.0,10,3.86,11022.53,220.45,10802.08,8188.16,2613.91,2014-12-01,12,Dec,2014,314.93
118,Enterprise,CAN,Paseo,Low,2729.0,10,1.38,3766.84,75.34,3691.5,3616.17,75.34,2014-12-01,12,Dec,2014,301.35
119,Midmarket,USA,Paseo,Low,1925.0,10,0.17,318.85,6.38,312.47,212.57,99.91,2013-12-01,12,Dec,2013,212.57
120,Government,USA,Paseo,Low,2013.0,10,0.08,155.6,3.11,152.49,111.14,41.34,2013-12-01,12,Dec,2013,222.28
121,Channel Partners,FRA,Paseo,Low,1055.0,10,0.13,139.8,2.8,137.0,34.95,102.05,2014-12-01,12,Dec,2014,116.5
122,Government,MEX,Paseo,Low,1084.0,10,0.13,143.64,2.87,140.77,35.91,104.86,2014-12-01,12,Dec,2014,119.7
123,Government,USA,Velo,Low,1566.0,120,0.22,345.85,6.92,338.93,172.92,166.01,2014-10-01,10,Oct,2014,2075.09
124,Government,GER,Velo,Low,2966.0,120,3.86,11463.12,229.26,11233.86,8515.46,2718.4,2013-10-01,10,Oct,2013,3930.21
125,Government,GER,Velo,Low,2877.0,120,3.86,11119.15,222.38,10896.76,8259.94,2636.83,2014-10-01,10,Oct,2014,3812.28
126,Enterprise,GER,Velo,Low,809.0,120,1.38,1116.66,22.33,1094.33,1072.0,22.33,2013-10-01,10,Oct,2013,1072.0
127,Enterprise,MEX,Velo,Low,2145.0,120,1.38,2960.74,59.21,2901.53,2842.31,59.21,2013-10-01,10,Oct,2013,2842.31
128,Channel Partners,FRA,Velo,Low,1055.0,120,0.13,139.8,2.8,137.0,34.95,102.05,2014-12-01,12,Dec,2014,1397.97
129,Channel Partners,MEX,Velo,Low,544.0,120,0.22,120.14,2.4,117.74,60.07,57.67,2013-12-01,12,Dec,2013,720.85
130,Channel Partners,MEX,Velo,Low,1084.0,120,0.13,143.64,2.87,140.77,35.91,104.86,2014-12-01,12,Dec,2014,1436.4
131,Enterprise,MEX,VTT,Low,662.0,250,1.38,913.76,18.28,895.48,877.21,18.28,2014-06-01,6,Jun,2014,1827.52
132,Small Business,GER,VTT,Low,214.0,250,3.31,708.92,14.18,694.74,590.77,103.98,2013-10-01,10,Oct,2013,590.77
133,Government,GER,VTT,Low,2877.0,250,3.86,11119.15,222.38,10896.76,8259.94,2636.83,2014-10-01,10,Oct,2014,7942.25
134,Enterprise,CAN,VTT,Low,2729.0,250,1.38,3766.84,75.34,3691.5,3616.17,75.34,2014-12-01,12,Dec,2014,7533.68
135,Government,USA,VTT,Low,266.0,250,3.86,1028.05,20.56,1007.49,763.69,243.79,2013-12-01,12,Dec,2013,734.32
136,Government,MEX,VTT,Low,1940.0,250,3.86,7497.79,149.96,7347.84,5569.79,1778.05,2013-12-01,12,Dec,2013,5355.57
137,Small Business,GER,Amarilla,Low,259.0,260,3.31,857.99,17.16,840.83,715.0,125.84,2014-03-01,3,Mar,2014,743.6
138,Small Business,MEX,Amarilla,Low,1101.0,260,3.31,3647.31,72.95,3574.36,3039.42,534.94,2014-03-01,3,Mar,2014,3161.0
139,Enterprise,GER,Amarilla,Low,2276.0,260,1.38,3141.56,62.83,3078.73,3015.9,62.83,2014-05-01,5,May,2014,6534.45
140,Government,GER,Amarilla,Low,2966.0,260,3.86,11463.12,229.26,11233.86,8515.46,2718.4,2013-10-01,10,Oct,2013,8515.46
141,Government,USA,Amarilla,Low,1236.0,260,0.22,272.97,5.46,267.51,136.48,131.02,2014-11-01,11,Nov,2014,3548.59
142,Government,FRA,Amarilla,Low,941.0,260,0.22,207.82,4.16,203.66,103.91,99.75,2014-11-01,11,Nov,2014,2701.63
143,Small Business,CAN,Amarilla,Low,1916.0,260,3.31,6347.17,126.94,6220.23,5289.31,930.92,2014-12-01,12,Dec,2014,5500.88
144,Enterprise,FRA,Carretera,Low,4243.5,3,1.38,5857.3,175.72,5681.59,5623.01,58.57,2014-04-01,4,Apr,2014,140.58
145,Government,GER,Carretera,Low,2580.0,3,0.22,569.79,17.09,552.69,284.89,267.8,2014-04-01,4,Apr,2014,85.47
146,Small Business,GER,Carretera,Low,689.0,3,3.31,2282.46,68.47,2213.99,1902.05,311.94,2014-06-01,6,Jun,2014,22.82
147,Channel Partners,USA,Carretera,Low,1947.0,3,0.13,257.99,7.74,250.25,64.5,185.76,2014-09-01,9,Sep,2014,64.5
148,Channel Partners,CAN,Carretera,Low,908.0,3,0.13,120.32,3.61,116.71,30.08,86.63,2013-12-01,12,Dec,2013,30.08
149,Government,GER,Montana,Low,1958.0,5,0.08,151.35,4.54,146.81,108.11,38.7,2014-02-01,2,Feb,2014,108.11
150,Channel Partners,FRA,Montana,Low,1901.0,5,0.13,251.9,7.56,244.34,62.97,181.37,2014-06-01,6,Jun,2014,104.96
151,Government,FRA,Montana,Low,544.0,5,0.08,42.05,1.26,40.79,30.04,10.75,2014-09-01,9,Sep,2014,30.04
152,Government,GER,Montana,Low,1797.0,5,3.86,6945.12,208.35,6736.77,5159.23,1577.53,2013-09-01,9,Sep,2013,99.22
153,Enterprise,FRA,Montana,Low,1287.0,5,1.38,1776.45,53.29,1723.15,1705.39,17.76,2014-12-01,12,Dec,2014,71.06
154,Enterprise,GER,Montana,Low,1706.0,5,1.38,2354.79,70.64,2284.15,2260.6,23.55,2014-12-01,12,Dec,2014,94.19
155,Small Business,FRA,Paseo,Low,2434.5,10,3.31,8064.82,241.94,7822.87,6720.68,1102.19,2014-01-01,1,Jan,2014,268.83
156,Enterprise,CAN,Paseo,Low,1774.0,10,1.38,2448.65,73.46,2375.19,2350.71,24.49,2014-03-01,3,Mar,2014,195.89
157,Channel Partners,FRA,Paseo,Low,1901.0,10,0.13,251.9,7.56,244.34,62.97,181.37,2014-06-01,6,Jun,2014,209.92
158,Small Business,GER,Paseo,Low,689.0,10,3.31,2282.46,68.47,2213.99,1902.05,311.94,2014-06-01,6,Jun,2014,76.08
159,Enterprise,GER,Paseo,Low,1570.0,10,1.38,2167.07,65.01,2102.06,2080.39,21.67,2014-06-01,6,Jun,2014,173.37
160,Channel Partners,USA,Paseo,Low,1369.5,10,0.13,181.47,5.44,176.03,45.37,130.66,2014-07-01,7,Jul,2014,151.23
161,Enterprise,CAN,Paseo,Low,2009.0,10,1.38,2773.02,83.19,2689.83,2662.1,27.73,2014-10-01,10,Oct,2014,221.84
162,Midmarket,GER,Paseo,Low,1945.0,10,0.17,322.16,9.66,312.5,214.77,97.72,2013-10-01,10,Oct,2013,214.77
163,Enterprise,FRA,Paseo,Low,1287.0,10,1.38,1776.45,53.29,1723.15,1705.39,17.76,2014-12-01,12,Dec,2014,142.12
164,Enterprise,GER,Paseo,Low,1706.0,10,1.38,2354.79,70.64,2284.15,2260.6,23.55,2014-12-01,12,Dec,2014,188.38
165,Enterprise,CAN,VTT,Low,2009.0,120,1.38,2773.02,83.19,2689.83,2662.1,27.73,2014-10-01,10,Oct,2014,2662.1
166,Small Business,USA,VTT,Low,2844.0,250,3.31,9421.38,282.64,9138.74,7851.15,1287.59,2014-02-01,2,Feb,2014,7851.15
167,Channel Partners,MEX,VTT,Low,1916.0,250,0.13,253.89,7.62,246.27,63.47,182.8,2014-04-01,4,Apr,2014,5289.31
168,Enterprise,MEX,VTT,Low,1570.0,250,1.38,2167.07,65.01,2102.06,2080.39,21.67,2014-06-01,6,Jun,2014,4334.14
169,Small Business,MEX,VTT,Low,1874.0,250,3.31,6208.04,186.24,6021.8,5173.37,848.43,2014-08-01,8,Aug,2014,5173.37
170,Government,MEX,VTT,Low,1642.0,250,3.86,6346.07,190.38,6155.69,4714.22,1441.46,2014-08-01,8,Aug,2014,4532.91
171,Midmarket,GER,VTT,Low,1945.0,250,0.17,322.16,9.66,312.5,214.77,97.72,2013-10-01,10,Oct,2013,5369.37
172,Government,CAN,Carretera,Low,831.0,3,0.22,183.52,5.51,178.02,91.76,86.26,2014-05-01,5,May,2014,27.53
173,Government,MEX,Paseo,Low,1760.0,10,0.08,136.04,4.08,131.96,97.17,34.79,2013-09-01,9,Sep,2013,194.35
174,Government,CAN,Velo,Low,3850.5,120,0.22,850.38,25.51,824.86,425.19,399.68,2014-04-01,4,Apr,2014,5102.25
175,Channel Partners,GER,VTT,Low,2479.0,250,0.13,328.49,9.85,318.63,82.12,236.51,2014-01-01,1,Jan,2014,6843.53
176,Midmarket,MEX,Montana,Low,2031.0,5,0.17,336.41,13.46,322.95,224.27,98.68,2014-10-01,10,Oct,2014,112.14
177,Midmarket,MEX,Paseo,Low,2031.0,10,0.17,336.41,13.46,322.95,224.27,98.68,2014-10-01,10,Oct,2014,224.27
178,Midmarket,FRA,Paseo,Low,2261.0,10,0.17,374.5,14.98,359.52,249.67,109.85,2013-12-01,12,Dec,2013,249.67
179,Government,USA,Velo,Low,736.0,120,0.22,162.54,6.5,156.04,81.27,74.77,2013-09-01,9,Sep,2013,975.27
180,Government,CAN,Carretera,Low,2851.0,3,0.08,220.37,8.81,211.56,157.41,54.15,2013-10-01,10,Oct,2013,94.45
181,Small Business,GER,Carretera,Low,2021.0,3,3.31,6695.01,267.8,6427.21,5579.17,848.03,2014-10-01,10,Oct,2014,66.95
182,Government,USA,Carretera,Low,274.0,3,3.86,1058.97,42.36,1016.61,786.66,229.95,2014-12-01,12,Dec,2014,9.08
183,Midmarket,CAN,Montana,Low,1967.0,5,0.17,325.81,13.03,312.77,217.2,95.57,2014-03-01,3,Mar,2014,108.6
184,Small Business,GER,Montana,Low,1859.0,5,3.31,6158.35,246.33,5912.01,5131.96,780.06,2014-08-01,8,Aug,2014,102.64
185,Government,CAN,Montana,Low,2851.0,5,0.08,220.37,8.81,211.56,157.41,54.15,2013-10-01,10,Oct,2013,157.41
186,Small Business,GER,Montana,Low,2021.0,5,3.31,6695.01,267.8,6427.21,5579.17,848.03,2014-10-01,10,Oct,2014,111.58
187,Enterprise,MEX,Montana,Low,1138.0,5,1.38,1570.78,62.83,1507.95,1507.95,0.0,2014-12-01,12,Dec,2014,62.83
188,Government,CAN,Paseo,Low,4251.0,10,0.08,328.59,13.14,315.45,234.71,80.74,2014-01-01,1,Jan,2014,469.41
189,Enterprise,GER,Paseo,Low,795.0,10,1.38,1097.34,43.89,1053.45,1053.45,0.0,2014-03-01,3,Mar,2014,87.79
190,Small Business,USA,Paseo,Low,1414.5,10,3.31,4685.84,187.43,4498.41,3904.87,593.54,2014-04-01,4,Apr,2014,156.19
191,Small Business,USA,Paseo,Low,2918.0,10,3.31,9666.52,386.66,9279.86,8055.43,1224.43,2014-05-01,5,May,2014,322.22
192,Government,CAN,Paseo,Low,3450.0,10,3.86,13333.7,533.35,12800.35,9905.04,2895.32,2014-07-01,7,Jul,2014,380.96
193,Enterprise,CAN,Paseo,Low,2988.0,10,1.38,4124.34,164.97,3959.36,3959.36,0.0,2014-07-01,7,Jul,2014,329.95
194,Midmarket,CAN,Paseo,Low,218.0,10,0.17,36.11,1.44,34.66,24.07,10.59,2014-09-01,9,Sep,2014,24.07
195,Government,CAN,Paseo,Low,2074.0,10,0.22,458.04,18.32,439.72,229.02,210.7,2014-09-01,9,Sep,2014,229.02
196,Government,USA,Paseo,Low,1056.0,10,0.22,233.22,9.33,223.89,116.61,107.28,2014-09-01,9,Sep,2014,116.61
197,Midmarket,USA,Paseo,Low,671.0,10,0.17,111.14,4.45,106.7,74.09,32.6,2013-10-01,10,Oct,2013,74.09
198,Midmarket,MEX,Paseo,Low,1514.0,10,0.17,250.77,10.03,240.74,167.18,73.56,2013-10-01,10,Oct,2013,167.18
199,Government,USA,Paseo,Low,274.0,10,3.86,1058.97,42.36,1016.61,786.66,229.95,2014-12-01,12,Dec,2014,30.26
200,Enterprise,MEX,Paseo,Low,1138.0,10,1.38,1570.78,62.83,1507.95,1507.95,0.0,2014-12-01,12,Dec,2014,125.66
201,Channel Partners,USA,Velo,Low,1465.0,120,0.13,194.13,7.77,186.36,48.53,137.83,2014-03-01,3,Mar,2014,1941.25
202,Government,CAN,Velo,Low,2646.0,120,0.22,584.36,23.37,560.99,292.18,268.81,2013-09-01,9,Sep,2013,3506.18
203,Government,FRA,Velo,Low,2177.0,120,3.86,8413.76,336.55,8077.21,6250.22,1826.99,2014-10-01,10,Oct,2014,2884.72
204,Channel Partners,FRA,VTT,Low,866.0,250,0.13,114.75,4.59,110.16,28.69,81.47,2014-05-01,5,May,2014,2390.68
205,Government,USA,VTT,Low,349.0,250,3.86,1348.83,53.95,1294.88,1001.99,292.89,2013-09-01,9,Sep,2013,963.45
206,Government,FRA,VTT,Low,2177.0,250,3.86,8413.76,336.55,8077.21,6250.22,1826.99,2014-10-01,10,Oct,2014,6009.83
207,Midmarket,MEX,VTT,Low,1514.0,250,0.17,250.77,10.03,240.74,167.18,73.56,2013-10-01,10,Oct,2013,4179.55
208,Government,MEX,Amarilla,Low,1865.0,260,3.86,7207.93,288.32,6919.61,5354.46,1565.15,2014-02-01,2,Feb,2014,5354.46
209,Enterprise,MEX,Amarilla,Low,1074.0,260,1.38,1482.44,59.3,1423.14,1423.14,0.0,2014-04-01,4,Apr,2014,3083.48
210,Government,GER,Amarilla,Low,1907.0,260,3.86,7370.25,294.81,7075.44,5475.04,1600.4,2014-09-01,9,Sep,2014,5475.04
211,Midmarket,USA,Amarilla,Low,671.0,260,0.17,111.14,4.45,106.7,74.09,32.6,2013-10-01,10,Oct,2013,1926.46
212,Government,CAN,Amarilla,Low,1778.0,260,3.86,6871.69,274.87,6596.82,5104.68,1492.14,2013-12-01,12,Dec,2013,5104.68
213,Government,GER,Montana,Medium,1159.0,5,0.08,89.59,4.48,85.11,63.99,21.12,2013-10-01,10,Oct,2013,63.99
214,Government,GER,Paseo,Medium,1372.0,10,0.08,106.05,5.3,100.75,75.75,25.0,2014-01-01,1,Jan,2014,151.5
215,Government,CAN,Paseo,Medium,2349.0,10,0.08,181.57,9.08,172.49,129.69,42.8,2013-09-01,9,Sep,2013,259.39
216,Government,MEX,Paseo,Medium,2689.0,10,0.08,207.85,10.39,197.46,148.47,48.99,2014-10-01,10,Oct,2014,296.93
217,Channel Partners,CAN,Paseo,Medium,2431.0,10,0.13,322.13,16.11,306.02,80.53,225.49,2014-12-01,12,Dec,2014,268.44
218,Channel Partners,CAN,Velo,Medium,2431.0,120,0.13,322.13,16.11,306.02,80.53,225.49,2014-12-01,12,Dec,2014,3221.29
219,Government,MEX,VTT,Medium,2689.0,250,0.08,207.85,10.39,197.46,148.47,48.99,2014-10-01,10,Oct,2014,7423.26
220,Government,MEX,Amarilla,Medium,1683.0,260,0.08,130.09,6.5,123.59,92.92,30.66,2014-07-01,7,Jul,2014,4831.93
221,Channel Partners,MEX,Carretera,Medium,1123.0,260,0.13,148.81,7.44,141.37,37.2,104.17,2014-08-01,8,Aug,2014,3224.16
222,Government,GER,Carretera,Medium,1159.0,260,0.08,89.59,4.48,85.11,63.99,21.12,2013-10-01,10,Oct,2013,3327.52
223,Channel Partners,FRA,Carretera,Medium,1865.0,3,0.13,247.13,12.36,234.77,61.78,172.99,2014-02-01,2,Feb,2014,61.78
224,Channel Partners,GER,Carretera,Medium,1116.0,3,0.13,147.88,7.39,140.49,36.97,103.52,2014-02-01,2,Feb,2014,36.97
225,Government,FRA,Carretera,Medium,1563.0,3,0.22,345.19,17.26,327.93,172.59,155.33,2014-05-01,5,May,2014,51.78
226,Small Business,USA,Carretera,Medium,991.0,3,3.31,3282.91,164.15,3118.76,2735.76,383.01,2014-06-01,6,Jun,2014,32.83
227,Government,GER,Carretera,Medium,1016.0,3,0.08,78.53,3.93,74.61,56.1,18.51,2013-11-01,11,Nov,2013,33.66
228,Midmarket,MEX,Carretera,Medium,2791.0,3,0.17,462.29,23.11,439.18,308.19,130.98,2014-11-01,11,Nov,2014,92.46
229,Government,USA,Carretera,Medium,1384.5,3,0.08,44.06,2.2,41.86,31.47,10.39,2014-12-01,12,Dec,2014,45.86
230,Government,FRA,Carretera,Medium,1384.5,3,0.08,192.24,9.61,182.63,137.31,45.31,2014-12-01,12,Dec,2014,45.86
231,Government,FRA,Montana,Medium,1384.5,5,3.86,5350.87,267.54,5083.33,3974.93,1108.39,2014-01-01,1,Jan,2014,76.44
232,Enterprise,USA,Montana,Medium,3627.0,5,1.38,5006.35,250.32,4756.03,4806.1,-50.06,2014-07-01,7,Jul,2014,200.25
233,Government,MEX,Montana,Medium,720.0,5,3.86,2782.69,139.13,2643.55,2067.14,576.41,2013-09-01,9,Sep,2013,39.75
234,Channel Partners,GER,Montana,Medium,2342.0,5,0.13,310.34,15.52,294.82,77.58,217.23,2014-11-01,11,Nov,2014,129.31
235,Small Business,MEX,Montana,Medium,1100.0,5,3.31,3643.99,182.2,3461.79,3036.66,425.13,2013-12-01,12,Dec,2013,60.73
236,Government,FRA,Paseo,Medium,1303.0,10,0.22,287.77,14.39,273.38,143.88,129.49,2014-02-01,2,Feb,2014,143.88
237,Enterprise,USA,Paseo,Medium,2992.0,10,1.38,4129.86,206.49,3923.37,3964.66,-41.3,2014-03-01,3,Mar,2014,330.39
238,Enterprise,FRA,Paseo,Medium,2385.0,10,1.38,3292.02,164.6,3127.42,3160.34,-32.92,2014-03-01,3,Mar,2014,263.36
239,Small Business,MEX,Paseo,Medium,1607.0,10,3.31,5323.54,266.18,5057.37,4436.29,621.08,2014-04-01,4,Apr,2014,177.45
240,Government,USA,Paseo,Medium,2327.0,10,0.08,179.87,8.99,170.88,128.48,42.4,2014-05-01,5,May,2014,256.96
241,Small Business,USA,Paseo,Medium,991.0,10,3.31,3282.91,164.15,3118.76,2735.76,383.01,2014-06-01,6,Jun,2014,109.43
242,Government,USA,Paseo,Medium,602.0,10,3.86,2326.63,116.33,2210.3,1728.36,481.95,2014-06-01,6,Jun,2014,66.48
243,Midmarket,FRA,Paseo,Medium,2620.0,10,0.17,433.97,21.7,412.27,289.31,122.96,2014-09-01,9,Sep,2014,289.31
244,Government,CAN,Paseo,Medium,1228.0,10,0.22,4746.02,237.3,4508.72,3525.62,983.11,2013-10-01,10,Oct,2013,135.6
245,Government,CAN,Paseo,Medium,1389.0,10,0.22,306.76,15.34,291.42,153.38,138.04,2013-10-01,10,Oct,2013,153.38
246,Enterprise,USA,Paseo,Medium,861.0,10,1.38,1188.44,59.42,1129.02,1140.9,-11.88,2014-10-01,10,Oct,2014,95.08
247,Enterprise,FRA,Paseo,Medium,704.0,10,1.38,971.73,48.59,923.14,932.86,-9.72,2013-10-01,10,Oct,2013,77.74
248,Government,CAN,Paseo,Medium,1802.0,10,0.22,397.97,19.9,378.07,198.98,179.09,2013-12-01,12,Dec,2013,198.98
249,Government,USA,Paseo,Medium,2663.0,10,0.22,588.12,29.41,558.71,294.06,264.65,2014-12-01,12,Dec,2014,294.06
250,Government,FRA,Paseo,Medium,2136.0,10,0.08,165.11,8.26,156.85,117.93,38.92,2013-12-01,12,Dec,2013,235.87
251,Midmarket,GER,Paseo,Medium,2116.0,10,0.17,350.49,17.52,332.96,233.66,99.3,2013-12-01,12,Dec,2013,233.66
252,Midmarket,USA,Velo,Medium,555.0,120,0.17,91.93,4.6,87.33,61.29,26.05,2014-01-01,1,Jan,2014,735.42
253,Midmarket,MEX,Velo,Medium,2861.0,120,0.17,473.88,23.69,450.19,315.92,134.27,2014-01-01,1,Jan,2014,3791.08
254,Enterprise,GER,Velo,Medium,807.0,120,1.38,1113.9,55.7,1058.21,1069.35,-11.14,2014-02-01,2,Feb,2014,1069.35
255,Government,USA,Velo,Medium,602.0,120,3.86,2326.63,116.33,2210.3,1728.36,481.95,2014-06-01,6,Jun,2014,797.7
256,Government,USA,Velo,Medium,704.0,120,0.22,625.44,31.27,594.17,312.72,281.45,2014-08-01,8,Aug,2014,932.86
257,Government,FRA,Velo,Medium,704.0,120,0.22,348.72,17.44,331.28,174.36,156.92,2014-08-01,8,Aug,2014,932.86
258,Enterprise,USA,Velo,Medium,704.0,120,1.38,1188.44,59.42,1129.02,1140.9,-11.88,2014-10-01,10,Oct,2014,932.86
259,Enterprise,FRA,Velo,Medium,704.0,120,1.38,971.73,48.59,923.14,932.86,-9.72,2013-10-01,10,Oct,2013,932.86
260,Government,FRA,Velo,Medium,1033.0,120,0.22,228.14,11.41,216.73,114.07,102.66,2013-12-01,12,Dec,2013,1368.82
261,Small Business,GER,Velo,Medium,1250.0,120,3.31,4140.9,207.05,3933.86,3450.75,483.11,2014-12-01,12,Dec,2014,1656.36
262,Government,CAN,VTT,Medium,1389.0,250,0.22,306.76,15.34,291.42,153.38,138.04,2013-10-01,10,Oct,2013,3834.47
263,Government,USA,VTT,Medium,1265.0,250,0.22,279.37,13.97,265.4,139.69,125.72,2013-11-01,11,Nov,2013,3492.16
264,Government,GER,VTT,Medium,2297.0,250,0.22,507.29,25.36,481.92,253.64,228.28,2013-11-01,11,Nov,2013,6341.1
265,Government,USA,VTT,Medium,2663.0,250,0.22,588.12,29.41,558.71,294.06,264.65,2014-12-01,12,Dec,2014,7351.48
266,Government,USA,VTT,Medium,570.0,250,0.08,44.06,2.2,41.86,31.47,10.39,2014-12-01,12,Dec,2014,1573.54
267,Government,FRA,VTT,Medium,2487.0,250,0.08,192.24,9.61,182.63,137.31,45.31,2014-12-01,12,Dec,2014,6865.61
268,Government,GER,Amarilla,Medium,1350.0,260,3.86,5217.54,260.88,4956.66,3875.88,1080.78,2014-02-01,2,Feb,2014,3875.88
269,Government,CAN,Amarilla,Medium,552.0,260,3.86,2133.39,106.67,2026.72,1584.81,441.92,2014-08-01,8,Aug,2014,1584.81
270,Government,CAN,Amarilla,Medium,1228.0,260,3.86,4746.02,237.3,4508.72,3525.62,983.11,2013-10-01,10,Oct,2013,3525.62
271,Small Business,GER,Amarilla,Medium,1250.0,260,3.31,4140.9,207.05,3933.86,3450.75,483.11,2014-12-01,12,Dec,2014,3588.78
272,Midmarket,FRA,Paseo,Medium,3801.0,10,0.17,629.58,37.77,591.81,419.72,172.09,2014-04-01,4,Apr,2014,419.72
273,Government,USA,Carretera,Medium,1117.5,3,0.22,246.8,14.81,231.99,123.4,108.59,2014-01-01,1,Jan,2014,37.02
274,Midmarket,CAN,Carretera,Medium,2844.0,3,0.17,471.07,28.26,442.8,314.05,128.76,2014-06-01,6,Jun,2014,94.21
275,Channel Partners,MEX,Carretera,Medium,562.0,3,0.13,74.47,4.47,70.0,18.62,51.38,2014-09-01,9,Sep,2014,18.62
276,Channel Partners,CAN,Carretera,Medium,2299.0,3,0.13,304.64,18.28,286.36,76.16,210.2,2013-10-01,10,Oct,2013,76.16
277,Midmarket,USA,Carretera,Medium,2030.0,3,0.17,336.24,20.17,316.07,224.16,91.91,2014-11-01,11,Nov,2014,67.25
278,Government,USA,Carretera,Medium,263.0,3,0.08,20.33,1.22,19.11,14.52,4.59,2013-11-01,11,Nov,2013,8.71
279,Enterprise,GER,Carretera,Medium,887.0,3,1.38,1224.33,73.46,1150.87,1175.35,-24.49,2013-12-01,12,Dec,2013,29.38
280,Government,MEX,Montana,Medium,980.0,5,3.86,3787.54,227.25,3560.29,2813.6,746.69,2014-04-01,4,Apr,2014,54.11
281,Government,GER,Montana,Medium,1460.0,5,3.86,5642.67,338.56,5304.11,4191.7,1112.41,2014-05-01,5,May,2014,80.61
282,Government,FRA,Montana,Medium,1403.0,5,0.08,108.45,6.51,101.94,77.46,24.48,2013-10-01,10,Oct,2013,77.46
283,Channel Partners,USA,Montana,Medium,2723.0,5,0.13,360.82,21.65,339.17,90.21,248.97,2014-11-01,11,Nov,2014,150.34
284,Government,FRA,Paseo,Medium,1496.0,10,3.86,5781.8,346.91,5434.89,4295.05,1139.84,2014-06-01,6,Jun,2014,165.19
285,Channel Partners,CAN,Paseo,Medium,2299.0,10,0.13,304.64,18.28,286.36,76.16,210.2,2013-10-01,10,Oct,2013,253.86
286,Government,USA,Paseo,Medium,727.0,10,3.86,2809.74,168.58,2641.16,2087.23,553.92,2013-10-01,10,Oct,2013,80.28
287,Enterprise,CAN,Velo,Medium,952.0,120,1.38,1314.05,78.84,1235.2,1261.48,-26.28,2014-02-01,2,Feb,2014,1261.48
288,Enterprise,USA,Velo,Medium,2755.0,120,1.38,3802.73,228.16,3574.56,3650.62,-76.05,2014-02-01,2,Feb,2014,3650.62
289,Midmarket,GER,Velo,Medium,1530.0,120,0.17,253.42,15.21,238.22,168.95,69.27,2014-05-01,5,May,2014,2027.39
290,Government,FRA,Velo,Medium,1496.0,120,3.86,5781.8,346.91,5434.89,4295.05,1139.84,2014-06-01,6,Jun,2014,1982.33
291,Government,MEX,Velo,Medium,1498.0,120,0.08,115.79,481.4,108.84,82.71,26.14,2014-06-01,6,Jun,2014,1984.98
292,Small Business,FRA,Velo,Medium,1221.0,120,3.31,4044.83,481.4,3802.14,3370.69,431.45,2013-10-01,10,Oct,2013,1617.93
293,Government,FRA,Velo,Medium,2076.0,120,3.86,8023.41,481.4,7542.01,5960.25,1581.76,2013-10-01,10,Oct,2013,2750.88
294,Midmarket,CAN,VTT,Medium,2844.0,250,0.17,471.07,28.26,442.8,314.05,128.76,2014-06-01,6,Jun,2014,7851.15
295,Government,MEX,VTT,Medium,1498.0,250,0.08,115.79,6.95,108.84,82.71,26.14,2014-06-01,6,Jun,2014,4135.38
296,Small Business,FRA,VTT,Medium,1221.0,250,3.31,4044.83,242.69,3802.14,3370.69,431.45,2013-10-01,10,Oct,2013,3370.69
297,Government,MEX,VTT,Medium,1123.0,250,3.86,248.01,14.88,233.13,124.01,109.13,2013-11-01,11,Nov,2013,3100.15
298,Small Business,CAN,VTT,Medium,2436.0,250,3.86,8069.79,168.58,7585.6,6724.82,860.78,2013-12-01,12,Dec,2013,6724.82
299,Enterprise,FRA,Amarilla,Medium,1987.5,260,3.86,2743.35,168.58,2578.75,2633.61,-54.87,2014-01-01,1,Jan,2014,5706.16
300,Government,MEX,Amarilla,Medium,1679.0,260,3.86,6489.07,168.58,6099.72,4820.45,1279.27,2014-09-01,9,Sep,2014,4820.45
301,Government,USA,Amarilla,Medium,727.0,260,0.08,2809.74,168.58,2641.16,2087.23,553.92,2013-10-01,10,Oct,2013,2087.23
302,Government,FRA,Amarilla,Medium,1403.0,260,0.08,108.45,6.51,101.94,77.46,24.48,2013-10-01,10,Oct,2013,4028.05
303,Government,FRA,Amarilla,Medium,2076.0,260,3.86,8023.41,481.4,7542.01,5960.25,1581.76,2013-10-01,10,Oct,2013,5960.25
304,Government,FRA,Montana,Medium,1757.0,5,0.22,388.03,23.28,364.75,194.02,170.73,2013-10-01,10,Oct,2013,97.01
305,Midmarket,USA,Paseo,Medium,2198.0,10,0.17,364.07,21.84,342.22,242.71,99.51,2014-08-01,8,Aug,2014,242.71
306,Midmarket,GER,Paseo,Medium,1743.0,10,0.17,288.7,17.32,271.38,192.47,78.91,2014-08-01,8,Aug,2014,192.47
307,Midmarket,USA,Paseo,Medium,1153.0,10,0.17,190.98,11.46,179.52,127.32,52.2,2014-10-01,10,Oct,2014,127.32
308,Government,FRA,Paseo,Medium,1757.0,10,0.22,388.03,23.28,364.75,194.02,170.73,2013-10-01,10,Oct,2013,194.02
309,Government,GER,Velo,Medium,1001.0,120,0.22,221.07,13.26,207.8,110.53,97.27,2014-08-01,8,Aug,2014,1326.41
310,Government,MEX,Velo,Medium,1333.0,120,0.08,249.65,6.18,96.85,73.6,23.26,2014-11-01,11,Nov,2014,1766.34
311,Midmarket,USA,VTT,Medium,1153.0,250,0.17,249.65,11.46,179.52,127.32,52.2,2014-10-01,10,Oct,2014,3182.97
312,Channel Partners,MEX,Carretera,Medium,727.0,3,0.13,249.65,6.74,89.59,24.08,65.51,2014-02-01,2,Feb,2014,24.08
313,Channel Partners,CAN,Carretera,Medium,1884.0,3,0.13,249.65,17.48,232.17,62.41,169.76,2014-08-01,8,Aug,2014,62.41
314,Government,MEX,Carretera,Medium,1834.0,3,0.22,405.04,28.35,376.68,202.52,174.17,2013-09-01,9,Sep,2013,60.76
315,Channel Partners,MEX,Montana,Medium,2340.0,5,0.13,310.34,21.7,288.37,77.52,210.85,2014-01-01,1,Jan,2014,129.2
316,Channel Partners,FRA,Montana,Medium,2342.0,5,0.13,310.34,21.72,288.61,77.58,211.03,2014-11-01,11,Nov,2014,129.31
317,Government,FRA,Paseo,Medium,1031.0,10,0.08,79.69,5.58,74.11,56.92,17.19,2013-09-01,9,Sep,2013,113.85
318,Midmarket,CAN,Velo,Medium,1262.0,120,0.17,209.03,14.63,194.4,139.36,55.05,2014-05-01,5,May,2014,1672.26
319,Government,CAN,Velo,Medium,1135.0,120,0.08,87.73,6.14,81.59,62.67,18.93,2014-06-01,6,Jun,2014,1503.98
320,Government,USA,Velo,Medium,547.0,120,0.08,42.28,2.96,39.32,30.2,9.12,2014-11-01,11,Nov,2014,724.82
321,Government,CAN,Velo,Medium,1582.0,120,0.08,230.37,8.56,113.72,87.35,26.38,2014-12-01,12,Dec,2014,2096.29
322,Channel Partners,FRA,VTT,Medium,1738.5,250,0.13,230.37,16.13,214.24,57.59,156.65,2014-04-01,4,Apr,2014,4799.3
323,Channel Partners,GER,VTT,Medium,2215.0,250,0.13,293.51,20.55,272.96,73.38,199.58,2013-09-01,9,Sep,2013,6114.73
324,Government,CAN,VTT,Medium,1582.0,250,0.08,122.28,8.56,113.72,87.35,26.38,2014-12-01,12,Dec,2014,4367.27
325,Government,CAN,Amarilla,Medium,1135.0,260,0.08,87.73,6.14,81.59,62.67,18.93,2014-06-01,6,Jun,2014,3258.61
326,Government,USA,Carretera,Medium,1761.0,3,3.86,6805.98,476.42,6329.57,5055.87,1273.69,2014-03-01,3,Mar,2014,58.34
327,Small Business,FRA,Carretera,Medium,448.0,3,3.31,1484.1,103.89,1380.21,1236.75,143.46,2014-06-01,6,Jun,2014,14.84
328,Small Business,FRA,Carretera,Medium,2181.0,3,3.31,7225.04,505.75,6719.29,6020.87,698.42,2014-10-01,10,Oct,2014,72.25
329,Government,FRA,Montana,Medium,1976.0,5,0.22,436.4,30.55,405.85,218.2,187.65,2014-10-01,10,Oct,2014,109.1
330,Small Business,FRA,Montana,Medium,2181.0,5,3.31,7225.04,505.75,6719.29,6020.87,698.42,2014-10-01,10,Oct,2014,120.42
331,Enterprise,GER,Montana,Medium,2500.0,5,1.38,3450.75,241.55,3209.2,3312.72,-103.52,2013-11-01,11,Nov,2013,138.03
332,Small Business,CAN,Paseo,Medium,1702.0,10,3.31,5638.25,394.68,5243.57,4698.54,545.03,2014-05-01,5,May,2014,187.94
333,Small Business,FRA,Paseo,Medium,448.0,10,3.31,1484.1,103.89,1380.21,1236.75,143.46,2014-06-01,6,Jun,2014,49.47
334,Enterprise,GER,Paseo,Medium,3513.0,10,1.38,4849.0,339.43,4509.57,4655.04,-145.47,2014-07-01,7,Jul,2014,387.92
335,Midmarket,FRA,Paseo,Medium,2101.0,10,0.17,348.0,24.36,323.64,232.0,91.64,2014-08-01,8,Aug,2014,232.0
336,Midmarket,USA,Paseo,Medium,2931.0,10,0.17,485.48,33.98,451.5,323.65,127.84,2013-09-01,9,Sep,2013,323.65
337,Government,FRA,Paseo,Medium,1535.0,10,0.22,339.0,23.73,315.27,169.5,145.77,2014-09-01,9,Sep,2014,169.5
338,Small Business,GER,Paseo,Medium,1123.0,10,3.31,3720.19,260.41,3459.77,3100.15,359.62,2013-09-01,9,Sep,2013,124.01
339,Small Business,CAN,Paseo,Medium,1404.0,10,3.31,4651.06,325.57,4325.49,3875.88,449.6,2013-11-01,11,Nov,2013,155.04
340,Channel Partners,MEX,Paseo,Medium,2763.0,10,0.13,366.12,25.63,340.49,91.53,248.96,2013-11-01,11,Nov,2013,305.1
341,Government,GER,Paseo,Medium,2125.0,10,0.08,164.26,11.5,152.76,117.33,35.43,2013-12-01,12,Dec,2013,234.65
342,Small Business,FRA,Velo,Medium,1659.0,120,3.31,5495.8,384.71,5111.1,4579.84,531.26,2014-07-01,7,Jul,2014,2198.32
343,Government,MEX,Velo,Medium,609.0,120,0.22,134.5,9.41,125.08,67.25,57.83,2014-08-01,8,Aug,2014,806.98
344,Enterprise,GER,Velo,Medium,2087.0,120,1.38,2880.69,201.65,2679.04,2765.46,-86.42,2014-09-01,9,Sep,2014,2765.46
345,Government,FRA,Velo,Medium,1976.0,120,0.22,436.4,30.55,405.85,218.2,187.65,2014-10-01,10,Oct,2014,2618.37
346,Government,USA,Velo,Medium,1421.0,120,0.22,313.83,21.97,291.86,156.91,134.94,2013-12-01,12,Dec,2013,1882.95
347,Small Business,USA,Velo,Medium,1372.0,120,3.31,4545.05,318.15,4226.9,3787.54,439.36,2014-12-01,12,Dec,2014,1818.02
348,Government,GER,Velo,Medium,588.0,120,0.22,129.86,9.09,120.77,64.93,55.84,2013-12-01,12,Dec,2013,779.15
349,Channel Partners,CAN,VTT,Medium,3244.5,250,0.13,429.92,30.09,399.83,107.48,292.35,2014-01-01,1,Jan,2014,8956.77
350,Small Business,FRA,VTT,Medium,959.0,250,3.31,3176.9,222.38,2954.52,2647.42,307.1,2014-02-01,2,Feb,2014,2647.42
351,Small Business,MEX,VTT,Medium,2747.0,250,3.31,9100.04,637.0,8463.04,7583.37,879.67,2014-02-01,2,Feb,2014,7583.37
352,Enterprise,CAN,Amarilla,Medium,1645.0,260,1.38,2270.59,158.94,2111.65,2179.77,-68.12,2014-05-01,5,May,2014,4722.84
353,Government,FRA,Amarilla,Medium,2876.0,260,3.86,11115.28,778.07,10337.21,8257.07,2080.15,2014-09-01,9,Sep,2014,8257.07
354,Enterprise,GER,Amarilla,Medium,994.0,260,1.38,1372.02,96.04,1275.98,1317.14,-41.16,2013-09-01,9,Sep,2013,2853.8
355,Government,CAN,Amarilla,Medium,1118.0,260,0.22,246.91,17.28,229.62,123.45,106.17,2014-11-01,11,Nov,2014,3209.81
356,Small Business,USA,Amarilla,Medium,1372.0,260,3.31,4545.05,318.15,4226.9,3787.54,439.36,2014-12-01,12,Dec,2014,3939.05
357,Government,CAN,Montana,Medium,488.0,5,0.08,37.72,3.02,34.7,26.94,7.76,2014-02-01,2,Feb,2014,26.94
358,Government,USA,Montana,Medium,1282.0,5,0.22,283.13,22.65,260.48,141.56,118.91,2014-06-01,6,Jun,2014,70.78
359,Government,CAN,Paseo,Medium,257.0,10,0.08,19.87,1.59,18.28,14.19,4.09,2014-05-01,5,May,2014,28.38
360,Government,USA,Amarilla,Medium,1282.0,260,0.22,283.13,22.65,260.48,141.56,118.91,2014-06-01,6,Jun,2014,3680.65
361,Enterprise,MEX,Carretera,Medium,1540.0,3,1.38,2125.66,170.05,1955.61,2040.64,-85.03,2014-08-01,8,Aug,2014,51.02
362,Midmarket,FRA,Carretera,Medium,490.0,3,0.17,81.16,6.49,74.67,54.11,20.56,2014-11-01,11,Nov,2014,16.23
363,Government,MEX,Carretera,Medium,1362.0,3,3.86,5263.91,421.11,4842.8,3910.34,932.46,2014-12-01,12,Dec,2014,45.12
364,Midmarket,FRA,Montana,Medium,2501.0,5,0.17,414.26,33.14,381.12,276.17,104.94,2014-03-01,3,Mar,2014,138.09
365,Government,CAN,Montana,Medium,708.0,5,0.22,156.36,12.51,143.85,78.18,65.67,2014-06-01,6,Jun,2014,39.09
366,Government,GER,Montana,Medium,645.0,5,0.22,142.45,11.4,131.05,71.22,59.83,2014-07-01,7,Jul,2014,35.61
367,Small Business,FRA,Montana,Medium,1562.0,5,3.31,5174.47,413.96,4760.51,4312.06,448.45,2014-08-01,8,Aug,2014,86.24
368,Small Business,CAN,Montana,Medium,1283.0,5,3.31,4250.22,340.02,3910.2,3541.85,368.35,2013-09-01,9,Sep,2013,70.84
369,Midmarket,GER,Montana,Medium,711.0,5,0.17,117.77,9.42,108.35,78.51,29.83,2014-12-01,12,Dec,2014,39.26
370,Enterprise,MEX,Paseo,Medium,1114.0,10,1.38,1537.65,123.01,1414.64,1476.15,-61.51,2014-03-01,3,Mar,2014,123.01
371,Government,GER,Paseo,Medium,1259.0,10,0.08,97.32,7.79,89.53,69.51,20.02,2014-04-01,4,Apr,2014,139.02
372,Government,GER,Paseo,Medium,1095.0,10,0.08,84.64,6.77,77.87,60.46,17.41,2014-05-01,5,May,2014,120.91
373,Government,GER,Paseo,Medium,1366.0,10,0.22,301.68,24.13,277.54,150.84,126.7,2014-06-01,6,Jun,2014,150.84
374,Small Business,MEX,Paseo,Medium,2460.0,10,3.31,8149.29,651.94,7497.35,6791.08,706.27,2014-06-01,6,Jun,2014,271.64
375,Government,USA,Paseo,Medium,678.0,10,0.08,52.41,4.19,48.21,37.43,10.78,2014-08-01,8,Aug,2014,74.87
376,Government,GER,Paseo,Medium,1598.0,10,0.08,123.52,9.88,113.64,88.23,25.41,2014-08-01,8,Aug,2014,176.46
377,Government,GER,Paseo,Medium,2409.0,10,0.08,186.21,14.9,171.31,133.01,38.31,2013-09-01,9,Sep,2013,266.01
378,Government,GER,Paseo,Medium,1934.0,10,0.22,427.12,34.17,392.95,213.56,179.39,2014-09-01,9,Sep,2014,213.56
379,Government,MEX,Paseo,Medium,2993.0,10,0.22,661.0,52.88,608.12,330.5,277.62,2014-09-01,9,Sep,2014,330.5
380,Government,GER,Paseo,Medium,2146.0,10,3.86,8293.95,663.52,7630.43,6161.22,1469.21,2013-11-01,11,Nov,2013,236.97
381,Government,MEX,Paseo,Medium,1946.0,10,0.08,150.42,12.03,138.39,107.44,30.94,2013-12-01,12,Dec,2013,214.89
382,Government,MEX,Paseo,Medium,1362.0,10,3.86,5263.91,421.11,4842.8,3910.34,932.46,2014-12-01,12,Dec,2014,150.4
383,Channel Partners,CAN,Velo,Medium,598.0,120,0.13,79.24,6.34,72.9,19.81,53.09,2014-03-01,3,Mar,2014,792.4
384,Government,USA,Velo,Medium,2907.0,120,0.08,224.7,17.98,206.73,160.5,46.22,2014-06-01,6,Jun,2014,3852.03
385,Government,GER,Velo,Medium,2338.0,120,0.08,180.72,14.46,166.26,129.09,37.18,2014-06-01,6,Jun,2014,3098.06
386,Small Business,FRA,Velo,Medium,386.0,120,3.31,1278.71,102.3,1176.41,1065.59,110.82,2013-11-01,11,Nov,2013,511.48
387,Small Business,MEX,Velo,Medium,635.0,120,3.31,2103.58,168.29,1935.29,1752.98,182.31,2014-12-01,12,Dec,2014,841.43
388,Government,FRA,VTT,Medium,574.5,250,3.86,2220.35,177.63,2042.72,1649.4,393.32,2014-04-01,4,Apr,2014,1585.97
389,Government,GER,VTT,Medium,2338.0,250,0.08,180.72,14.46,166.26,129.09,37.18,2014-06-01,6,Jun,2014,6454.28
390,Government,FRA,VTT,Medium,381.0,250,3.86,1472.5,117.8,1354.7,1093.86,260.84,2014-08-01,8,Aug,2014,1051.79
391,Government,GER,VTT,Medium,422.0,250,3.86,1630.96,130.48,1500.49,1211.57,288.91,2014-08-01,8,Aug,2014,1164.97
392,Small Business,CAN,VTT,Medium,2134.0,250,3.31,7069.35,565.55,6503.8,5891.12,612.68,2014-09-01,9,Sep,2014,5891.12
393,Small Business,USA,VTT,Medium,808.0,250,3.31,2676.68,214.13,2462.54,2230.57,231.98,2013-12-01,12,Dec,2013,2230.57
394,Government,CAN,Amarilla,Medium,708.0,260,0.22,156.36,12.51,143.85,78.18,65.67,2014-06-01,6,Jun,2014,2032.69
395,Government,USA,Amarilla,Medium,2907.0,260,0.08,224.7,17.98,206.73,160.5,46.22,2014-06-01,6,Jun,2014,8346.07
396,Government,GER,Amarilla,Medium,1366.0,260,0.22,301.68,24.13,277.54,150.84,126.7,2014-06-01,6,Jun,2014,3921.82
397,Small Business,MEX,Amarilla,Medium,2460.0,260,3.31,8149.29,651.94,7497.35,6791.08,706.27,2014-06-01,6,Jun,2014,7062.72
398,Government,GER,Amarilla,Medium,1520.0,260,0.22,335.69,26.86,308.83,167.84,140.99,2014-11-01,11,Nov,2014,4363.96
399,Midmarket,GER,Amarilla,Medium,711.0,260,0.17,117.77,9.42,108.35,78.51,29.83,2014-12-01,12,Dec,2014,2041.3
400,Channel Partners,MEX,Amarilla,Medium,1375.0,260,0.13,182.2,14.58,167.62,45.55,122.07,2013-12-01,12,Dec,2013,3947.66
401,Small Business,MEX,Amarilla,Medium,635.0,260,3.31,2103.58,168.29,1935.29,1752.98,182.31,2014-12-01,12,Dec,2014,1823.1
402,Government,USA,VTT,Medium,436.5,250,0.22,96.4,7.71,88.69,48.2,40.49,2014-07-01,7,Jul,2014,1205.0
403,Small Business,CAN,Carretera,Medium,1094.0,3,3.31,3624.12,326.17,3297.95,3020.1,277.85,2014-06-01,6,Jun,2014,36.24
404,Channel Partners,MEX,Carretera,Medium,367.0,3,0.13,48.63,4.38,44.25,12.16,32.1,2013-10-01,10,Oct,2013,12.16
405,Small Business,CAN,Montana,Medium,3802.5,5,3.31,12596.62,1133.7,11462.93,10497.18,965.74,2014-04-01,4,Apr,2014,209.94
406,Government,FRA,Montana,Medium,1666.0,5,3.86,6438.83,579.49,5859.33,4783.13,1076.2,2014-05-01,5,May,2014,91.98
407,Small Business,FRA,Montana,Medium,322.0,5,3.31,1066.7,96.0,970.69,888.91,81.78,2013-09-01,9,Sep,2013,17.78
408,Channel Partners,CAN,Montana,Medium,2321.0,5,0.13,307.55,27.68,279.87,76.89,202.98,2014-11-01,11,Nov,2014,128.15
409,Enterprise,FRA,Montana,Medium,1857.0,5,1.38,2563.22,230.69,2332.53,2460.69,-128.16,2013-11-01,11,Nov,2013,102.53
410,Government,CAN,Montana,Medium,1611.0,5,0.08,124.53,11.21,113.32,88.95,24.37,2013-12-01,12,Dec,2013,88.95
411,Enterprise,USA,Montana,Medium,2797.0,5,1.38,3860.7,347.46,3513.24,3706.27,-193.04,2014-12-01,12,Dec,2014,154.43
412,Small Business,GER,Montana,Medium,334.0,5,3.31,1106.45,99.58,1006.87,922.04,84.83,2013-12-01,12,Dec,2013,18.44
413,Small Business,MEX,Paseo,Medium,2565.0,10,3.31,8497.13,764.74,7732.39,7080.94,651.45,2014-01-01,1,Jan,2014,283.24
414,Government,MEX,Paseo,Medium,2417.0,10,3.86,9341.32,840.72,8500.6,6939.27,1561.34,2014-01-01,1,Jan,2014,266.89
415,Midmarket,USA,Paseo,Medium,3675.0,10,0.17,608.71,54.78,553.93,405.81,148.12,2014-04-01,4,Apr,2014,405.81
416,Small Business,CAN,Paseo,Medium,1094.0,10,3.31,3624.12,326.17,3297.95,3020.1,277.85,2014-06-01,6,Jun,2014,120.8
417,Midmarket,FRA,Paseo,Medium,1227.0,10,0.17,203.24,18.29,184.94,135.49,49.45,2014-10-01,10,Oct,2014,135.49
418,Channel Partners,MEX,Paseo,Medium,367.0,10,0.13,48.63,4.38,44.25,12.16,32.1,2013-10-01,10,Oct,2013,40.53
419,Small Business,FRA,Paseo,Medium,1324.0,10,3.31,4386.04,394.74,3991.3,3655.04,336.26,2014-11-01,11,Nov,2014,146.2
420,Channel Partners,GER,Paseo,Medium,1775.0,10,0.13,235.2,21.17,214.03,58.8,155.23,2013-11-01,11,Nov,2013,196.0
421,Enterprise,USA,Paseo,Medium,2797.0,10,1.38,3860.7,347.46,3513.24,3706.27,-193.04,2014-12-01,12,Dec,2014,308.86
422,Midmarket,MEX,Velo,Medium,245.0,120,0.17,40.58,3.65,36.93,27.05,9.87,2014-05-01,5,May,2014,324.65
423,Small Business,CAN,Velo,Medium,3793.5,120,3.31,12566.81,1131.01,11435.79,10472.34,963.46,2014-07-01,7,Jul,2014,5026.72
424,Government,GER,Velo,Medium,1307.0,120,3.86,5051.35,454.62,4596.73,3752.43,844.3,2014-07-01,7,Jul,2014,1731.89
425,Enterprise,CAN,Velo,Medium,567.0,120,1.38,782.63,70.44,712.19,751.33,-39.13,2014-09-01,9,Sep,2014,751.33
426,Enterprise,MEX,Velo,Medium,2110.0,120,1.38,2912.43,262.12,2650.31,2795.94,-145.62,2014-09-01,9,Sep,2014,2795.94
427,Government,CAN,Velo,Medium,1269.0,120,3.86,4904.48,441.4,4463.08,3643.33,819.75,2014-10-01,10,Oct,2014,1681.54
428,Channel Partners,USA,VTT,Medium,1956.0,250,0.13,259.19,23.33,235.86,64.8,171.06,2014-01-01,1,Jan,2014,5399.73
429,Small Business,GER,VTT,Medium,2659.0,250,3.31,8808.52,792.77,8015.76,7340.44,675.32,2014-02-01,2,Feb,2014,7340.44
430,Government,USA,VTT,Medium,1351.5,250,3.86,5223.33,470.1,4753.23,3880.19,873.04,2014-04-01,4,Apr,2014,3730.95
431,Channel Partners,GER,VTT,Medium,880.0,250,0.13,116.61,10.49,106.11,29.15,76.96,2014-05-01,5,May,2014,2429.33
432,Small Business,USA,VTT,Medium,1867.0,250,3.31,6184.85,556.64,5628.21,5154.04,474.17,2014-09-01,9,Sep,2014,5154.04
433,Channel Partners,FRA,VTT,Medium,2234.0,250,0.13,296.02,26.64,269.38,74.01,195.38,2013-09-01,9,Sep,2013,6167.18
434,Midmarket,FRA,VTT,Medium,1227.0,250,0.17,203.24,18.29,184.94,135.49,49.45,2014-10-01,10,Oct,2014,3387.26
435,Enterprise,MEX,VTT,Medium,877.0,250,1.38,1210.52,108.95,1101.58,1162.1,-60.53,2014-11-01,11,Nov,2014,2421.05
436,Government,USA,Amarilla,Medium,2071.0,260,3.86,8004.09,720.37,7283.72,5945.89,1337.83,2014-09-01,9,Sep,2014,5945.89
437,Government,CAN,Amarilla,Medium,1269.0,260,3.86,4904.48,441.4,4463.08,3643.33,819.75,2014-10-01,10,Oct,2014,3643.33
438,Midmarket,GER,Amarilla,Medium,970.0,260,0.17,160.67,14.46,146.21,107.11,39.1,2013-11-01,11,Nov,2013,2784.89
439,Government,MEX,Amarilla,Medium,1694.0,260,0.22,374.12,33.67,340.45,187.06,153.39,2014-11-01,11,Nov,2014,4863.52
440,Government,GER,Carretera,Medium,663.0,3,0.22,146.42,13.18,133.24,73.21,60.03,2014-05-01,5,May,2014,21.96
441,Government,CAN,Carretera,Medium,819.0,3,0.08,63.31,5.7,57.61,45.22,12.39,2014-07-01,7,Jul,2014,27.13
442,Channel Partners,GER,Carretera,Medium,1580.0,3,0.13,209.36,18.84,190.52,52.34,138.18,2014-09-01,9,Sep,2014,52.34
443,Government,MEX,Carretera,Medium,521.0,3,0.08,40.27,3.62,36.65,28.77,7.88,2014-12-01,12,Dec,2014,17.26
444,Government,USA,Paseo,Medium,973.0,10,0.22,214.89,19.34,195.55,107.44,88.1,2014-03-01,3,Mar,2014,107.44
445,Government,MEX,Paseo,Medium,1038.0,10,0.22,229.24,20.63,208.61,114.62,93.99,2014-06-01,6,Jun,2014,114.62
446,Government,GER,Paseo,Medium,360.0,10,0.08,27.83,2.5,25.32,19.88,5.45,2014-10-01,10,Oct,2014,39.75
447,Channel Partners,FRA,Velo,Medium,1967.0,120,0.13,260.64,23.46,237.19,65.16,172.03,2014-03-01,3,Mar,2014,2606.45
448,Midmarket,MEX,Velo,Medium,2628.0,120,0.17,435.29,39.18,396.12,290.19,105.92,2014-04-01,4,Apr,2014,3482.33
449,Government,GER,VTT,Medium,360.0,250,0.08,27.83,2.5,25.32,19.88,5.45,2014-10-01,10,Oct,2014,993.82
450,Government,FRA,VTT,Medium,2682.0,250,0.22,592.31,53.31,539.01,296.16,242.85,2013-11-01,11,Nov,2013,7403.93
451,Government,MEX,VTT,Medium,521.0,250,0.08,40.27,3.62,36.65,28.77,7.88,2014-12-01,12,Dec,2014,1438.27
452,Government,MEX,Amarilla,Medium,1038.0,260,0.22,229.24,20.63,208.61,114.62,93.99,2014-06-01,6,Jun,2014,2980.12
453,Midmarket,CAN,Amarilla,Medium,1630.5,260,0.17,270.07,24.31,245.76,180.05,65.72,2014-07-01,7,Jul,2014,4681.21
454,Channel Partners,FRA,Amarilla,Medium,306.0,260,0.13,40.55,3.65,36.9,10.14,26.76,2013-12-01,12,Dec,2013,878.53
455,Channel Partners,USA,Carretera,High,386.0,3,0.13,51.15,5.11,46.03,12.79,33.25,2013-10-01,10,Oct,2013,12.79
456,Government,USA,Montana,High,2328.0,5,0.08,179.95,17.99,161.95,128.53,33.42,2014-09-01,9,Sep,2014,128.53
457,Channel Partners,USA,Paseo,High,386.0,10,0.13,51.15,5.11,46.03,12.79,33.25,2013-10-01,10,Oct,2013,42.62
458,Enterprise,USA,Carretera,High,3445.5,3,1.38,4755.82,475.58,4280.24,4565.59,-285.35,2014-04-01,4,Apr,2014,114.14
459,Enterprise,FRA,Carretera,High,1482.0,3,1.38,2045.61,204.56,1841.04,1963.78,-122.74,2013-12-01,12,Dec,2013,49.09
460,Government,USA,Montana,High,2313.0,5,3.86,8939.38,893.94,8045.44,6640.68,1404.76,2014-05-01,5,May,2014,127.71
461,Enterprise,USA,Montana,High,1804.0,5,1.38,2490.06,249.01,2241.06,2390.46,-149.4,2013-11-01,11,Nov,2013,99.6
462,Midmarket,FRA,Montana,High,2072.0,5,0.17,343.2,34.32,308.88,228.8,80.08,2014-12-01,12,Dec,2014,114.4
463,Government,FRA,Paseo,High,1954.0,10,0.22,431.54,43.15,388.38,215.77,172.61,2014-03-01,3,Mar,2014,215.77
464,Small Business,MEX,Paseo,High,591.0,10,3.31,1957.82,195.78,1762.04,1631.52,130.52,2014-05-01,5,May,2014,65.26
465,Midmarket,FRA,Paseo,High,2167.0,10,0.17,358.93,35.89,323.04,239.29,83.75,2013-10-01,10,Oct,2013,239.29
466,Government,GER,Paseo,High,241.0,10,0.22,53.22,5.32,47.9,26.61,21.29,2014-10-01,10,Oct,2014,26.61
467,Midmarket,GER,Velo,High,681.0,120,0.17,112.8,11.28,101.52,75.2,26.32,2014-01-01,1,Jan,2014,902.39
468,Midmarket,GER,Velo,High,510.0,120,0.17,84.47,8.45,76.03,56.32,19.71,2014-04-01,4,Apr,2014,675.8
469,Midmarket,USA,Velo,High,790.0,120,0.17,130.85,13.09,117.77,87.23,30.53,2014-05-01,5,May,2014,1046.82
470,Government,FRA,Velo,High,639.0,120,3.86,2469.63,246.96,2222.67,1834.58,388.09,2014-07-01,7,Jul,2014,846.73
471,Enterprise,USA,Velo,High,1596.0,120,1.38,2202.96,220.3,1982.66,2114.84,-132.18,2014-09-01,9,Sep,2014,2114.84
472,Small Business,USA,Velo,High,2294.0,120,3.31,7599.38,759.94,6839.44,6332.82,506.63,2013-10-01,10,Oct,2013,3039.75
473,Government,GER,Velo,High,241.0,120,0.22,53.22,5.32,47.9,26.61,21.29,2014-10-01,10,Oct,2014,319.35
474,Government,GER,Velo,High,2665.0,120,0.08,206.0,20.6,185.4,147.14,38.26,2014-11-01,11,Nov,2014,3531.36
475,Enterprise,CAN,Velo,High,1916.0,120,1.38,2644.66,264.47,2380.19,2538.87,-158.68,2013-12-01,12,Dec,2013,2538.87
476,Small Business,FRA,Velo,High,853.0,120,3.31,2825.75,282.58,2543.18,2354.79,188.38,2014-12-01,12,Dec,2014,1130.3
477,Enterprise,MEX,VTT,High,341.0,250,1.38,470.68,47.07,423.61,451.86,-28.24,2014-05-01,5,May,2014,941.36
478,Midmarket,MEX,VTT,High,641.0,250,0.17,106.17,10.62,95.56,70.78,24.77,2014-07-01,7,Jul,2014,1769.55
479,Government,USA,VTT,High,2807.0,250,3.86,10848.61,1084.86,9763.75,8058.97,1704.78,2014-08-01,8,Aug,2014,7749.01
480,Small Business,MEX,VTT,High,432.0,250,3.31,1431.1,143.11,1287.99,1192.58,95.41,2014-09-01,9,Sep,2014,1192.58
481,Small Business,USA,VTT,High,2294.0,250,3.31,7599.38,759.94,6839.44,6332.82,506.63,2013-10-01,10,Oct,2013,6332.82
482,Midmarket,FRA,VTT,High,2167.0,250,0.17,358.93,35.89,323.04,239.29,83.75,2013-10-01,10,Oct,2013,5982.22
483,Enterprise,CAN,VTT,High,2529.0,250,1.38,3490.78,349.08,3141.7,3351.15,-209.45,2014-11-01,11,Nov,2014,6981.56
484,Government,GER,VTT,High,1870.0,250,3.86,7227.25,722.73,6504.53,5368.82,1135.71,2013-12-01,12,Dec,2013,5162.32
485,Enterprise,USA,Amarilla,High,579.0,260,1.38,799.19,79.92,719.27,767.23,-47.95,2014-01-01,1,Jan,2014,1662.32
486,Government,CAN,Amarilla,High,2240.0,260,3.86,8657.24,865.72,7791.52,6431.1,1360.42,2014-02-01,2,Feb,2014,6431.1
487,Small Business,USA,Amarilla,High,2993.0,260,3.31,9914.97,991.5,8923.48,8262.48,661.0,2014-03-01,3,Mar,2014,8592.98
488,Channel Partners,CAN,Amarilla,High,3520.5,260,0.13,466.5,46.65,419.85,116.62,303.22,2014-04-01,4,Apr,2014,10107.44
489,Government,MEX,Amarilla,High,2039.0,260,0.22,450.31,45.03,405.28,225.15,180.12,2014-05-01,5,May,2014,5854.02
490,Channel Partners,GER,Amarilla,High,2574.0,260,0.13,341.08,34.11,306.97,85.27,221.7,2014-08-01,8,Aug,2014,7390.02
491,Government,CAN,Amarilla,High,707.0,260,3.86,2732.44,273.24,2459.2,2029.81,429.38,2014-09-01,9,Sep,2014,2029.81
492,Midmarket,FRA,Amarilla,High,2072.0,260,0.17,343.2,34.32,308.88,228.8,80.08,2014-12-01,12,Dec,2014,5948.76
493,Small Business,FRA,Amarilla,High,853.0,260,3.31,2825.75,282.58,2543.18,2354.79,188.38,2014-12-01,12,Dec,2014,2448.98
494,Channel Partners,FRA,Carretera,High,1198.0,3,0.13,158.75,17.46,141.28,39.69,101.6,2013-10-01,10,Oct,2013,39.69
495,Government,FRA,Paseo,High,2532.0,10,0.08,195.72,21.53,174.19,139.8,34.39,2014-04-01,4,Apr,2014,279.59
496,Channel Partners,FRA,Paseo,High,1198.0,10,0.13,158.75,17.46,141.28,39.69,101.6,2013-10-01,10,Oct,2013,132.29
497,Midmarket,CAN,Velo,High,384.0,120,0.17,63.6,7.0,56.61,42.4,14.2,2014-01-01,1,Jan,2014,508.83
498,Channel Partners,GER,Velo,High,472.0,120,0.13,62.54,6.88,55.66,15.64,40.03,2014-10-01,10,Oct,2014,625.44
499,Government,USA,VTT,High,1579.0,250,0.08,122.05,13.43,108.63,87.18,21.45,2014-03-01,3,Mar,2014,4358.99
500,Channel Partners,MEX,VTT,High,1005.0,250,0.13,133.17,14.65,118.52,33.29,85.23,2013-09-01,9,Sep,2013,2774.4
501,Midmarket,USA,Amarilla,High,3199.5,260,0.17,529.95,58.29,471.66,353.3,118.36,2014-07-01,7,Jul,2014,9185.84
502,Channel Partners,GER,Amarilla,High,472.0,260,0.13,62.54,6.88,55.66,15.64,40.03,2014-10-01,10,Oct,2014,1355.12
503,Channel Partners,CAN,Carretera,High,1937.0,3,0.13,256.67,28.23,228.44,64.17,164.27,2014-02-01,2,Feb,2014,64.17
504,Government,GER,Carretera,High,792.0,3,3.86,3060.95,336.7,2724.25,2273.85,450.4,2014-03-01,3,Mar,2014,26.24
505,Small Business,GER,Carretera,High,2811.0,3,3.31,9312.06,1024.33,8287.73,7760.05,527.68,2014-07-01,7,Jul,2014,93.12
506,Enterprise,FRA,Carretera,High,2441.0,3,1.38,3369.31,370.62,2998.69,3234.54,-235.85,2014-10-01,10,Oct,2014,80.86
507,Midmarket,CAN,Carretera,High,1560.0,3,0.17,258.39,28.42,229.97,172.26,57.71,2013-11-01,11,Nov,2013,51.68
508,Government,MEX,Carretera,High,2706.0,3,0.08,209.17,23.01,186.16,149.4,36.75,2013-11-01,11,Nov,2013,89.64
509,Government,GER,Montana,High,766.0,5,3.86,2960.47,325.65,2634.82,2199.2,435.61,2014-01-01,1,Jan,2014,42.29
510,Government,GER,Montana,High,2992.0,5,0.22,660.78,72.69,588.09,330.39,257.7,2013-10-01,10,Oct,2013,165.19
511,Midmarket,MEX,Montana,High,2157.0,5,0.17,357.28,39.3,317.98,238.18,79.79,2014-12-01,12,Dec,2014,119.09
512,Small Business,CAN,Paseo,High,873.0,10,3.31,2892.01,318.12,2573.88,2410.0,163.88,2014-01-01,1,Jan,2014,96.4
513,Government,MEX,Paseo,High,1122.0,10,0.22,247.79,27.26,220.53,123.9,96.64,2014-03-01,3,Mar,2014,123.9
514,Government,CAN,Paseo,High,2104.5,10,3.86,8133.56,894.69,7238.87,6042.07,1196.79,2014-07-01,7,Jul,2014,232.39
515,Channel Partners,CAN,Paseo,High,4026.0,10,0.13,533.48,58.68,474.8,133.37,341.43,2014-07-01,7,Jul,2014,444.57
516,Channel Partners,FRA,Paseo,High,2425.5,10,0.13,321.4,35.35,286.05,80.35,205.7,2014-07-01,7,Jul,2014,267.83
517,Government,CAN,Paseo,High,2394.0,10,0.22,528.71,58.16,470.55,264.36,206.2,2014-08-01,8,Aug,2014,264.36
518,Midmarket,MEX,Paseo,High,1984.0,10,0.17,328.62,36.15,292.47,219.08,73.39,2014-08-01,8,Aug,2014,219.08
519,Enterprise,FRA,Paseo,High,2441.0,10,1.38,3369.31,370.62,2998.69,3234.54,-235.85,2014-10-01,10,Oct,2014,269.55
520,Government,GER,Paseo,High,2992.0,10,0.22,660.78,72.69,588.09,330.39,257.7,2013-10-01,10,Oct,2013,330.39
521,Small Business,CAN,Paseo,High,1366.0,10,3.31,4525.18,497.77,4027.41,3770.98,256.43,2014-11-01,11,Nov,2014,150.84
522,Government,FRA,Velo,High,2805.0,120,0.22,619.48,68.14,551.34,309.74,241.6,2013-09-01,9,Sep,2013,3716.87
523,Midmarket,MEX,Velo,High,655.0,120,0.17,108.49,11.93,96.56,72.33,24.23,2013-09-01,9,Sep,2013,867.93
524,Government,MEX,Velo,High,344.0,120,3.86,1329.51,146.25,1183.26,987.63,195.63,2013-10-01,10,Oct,2013,455.83
525,Government,CAN,Velo,High,1808.0,120,0.08,139.75,15.37,124.38,99.82,24.56,2014-11-01,11,Nov,2014,2395.76
526,Channel Partners,FRA,VTT,High,1734.0,250,0.13,229.77,25.27,204.5,57.44,147.05,2014-01-01,1,Jan,2014,4786.88
527,Enterprise,MEX,VTT,High,554.0,250,1.38,764.69,84.12,680.57,734.1,-53.53,2014-01-01,1,Jan,2014,1529.37
528,Government,CAN,VTT,High,2935.0,250,0.22,648.19,71.3,576.89,324.09,252.79,2013-11-01,11,Nov,2013,8102.36
529,Enterprise,GER,Amarilla,High,3165.0,260,1.38,4368.65,480.55,3888.1,4193.9,-305.81,2014-01-01,1,Jan,2014,9086.79
530,Government,MEX,Amarilla,High,2629.0,260,0.22,580.61,63.87,516.74,290.3,226.44,2014-01-01,1,Jan,2014,7547.92
531,Enterprise,FRA,Amarilla,High,1433.0,260,1.38,1977.97,217.58,1760.39,1898.85,-138.46,2014-05-01,5,May,2014,4114.18
532,Enterprise,MEX,Amarilla,High,947.0,260,1.38,1307.14,143.79,1163.36,1254.86,-91.5,2013-09-01,9,Sep,2013,2718.86
533,Government,MEX,Amarilla,High,344.0,260,3.86,1329.51,146.25,1183.26,987.63,195.63,2013-10-01,10,Oct,2013,987.63
534,Midmarket,MEX,Amarilla,High,2157.0,260,0.17,357.28,39.3,317.98,238.18,79.79,2014-12-01,12,Dec,2014,6192.8
535,Government,USA,Paseo,High,380.0,10,0.08,29.37,3.23,26.14,20.98,5.16,2013-09-01,9,Sep,2013,41.96
536,Government,MEX,Carretera,High,886.0,3,3.86,3424.25,410.91,3013.34,2543.73,469.61,2014-06-01,6,Jun,2014,29.35
537,Enterprise,CAN,Carretera,High,2416.0,3,1.38,3334.81,400.18,2934.63,3201.41,-266.78,2013-09-01,9,Sep,2013,80.04
538,Enterprise,MEX,Carretera,High,2156.0,3,1.38,2975.93,357.11,2618.82,2856.89,-238.07,2014-10-01,10,Oct,2014,71.42
539,Midmarket,CAN,Carretera,High,2689.0,3,0.17,445.4,53.45,391.95,296.93,95.02,2014-11-01,11,Nov,2014,89.08
540,Midmarket,USA,Montana,High,677.0,5,0.17,112.14,13.46,98.68,74.76,23.92,2014-03-01,3,Mar,2014,37.38
541,Small Business,FRA,Montana,High,1773.0,5,3.31,5873.45,704.81,5168.64,4894.55,274.09,2014-04-01,4,Apr,2014,97.89
542,Government,MEX,Montana,High,2420.0,5,0.08,187.06,22.45,164.61,133.61,31.0,2014-09-01,9,Sep,2014,133.61
543,Government,CAN,Montana,High,2734.0,5,0.08,211.33,25.36,185.97,150.95,35.02,2014-10-01,10,Oct,2014,150.95
544,Government,MEX,Montana,High,1715.0,5,0.22,378.75,45.45,333.3,189.38,143.93,2013-10-01,10,Oct,2013,94.69
545,Small Business,FRA,Montana,High,1186.0,5,3.31,3928.89,471.47,3457.42,3274.07,183.35,2013-12-01,12,Dec,2013,65.48
546,Small Business,USA,Paseo,High,3495.0,10,3.31,11577.96,1389.36,10188.6,9648.3,540.3,2014-01-01,1,Jan,2014,385.93
547,Government,MEX,Paseo,High,886.0,10,3.86,3424.25,410.91,3013.34,2543.73,469.61,2014-06-01,6,Jun,2014,97.84
548,Enterprise,MEX,Paseo,High,2156.0,10,1.38,2975.93,357.11,2618.82,2856.89,-238.07,2014-10-01,10,Oct,2014,238.07
549,Government,MEX,Paseo,High,905.0,10,0.22,199.87,23.98,175.88,99.93,75.95,2014-10-01,10,Oct,2014,99.93
550,Government,MEX,Paseo,High,1715.0,10,0.22,378.75,45.45,333.3,189.38,143.93,2013-10-01,10,Oct,2013,189.38
551,Government,FRA,Paseo,High,1594.0,10,3.86,6160.56,739.27,5421.29,4576.41,844.88,2014-11-01,11,Nov,2014,176.02
552,Small Business,GER,Paseo,High,1359.0,10,3.31,4501.99,540.24,3961.75,3751.66,210.09,2014-11-01,11,Nov,2014,150.07
553,Small Business,MEX,Paseo,High,2150.0,10,3.31,7122.35,854.68,6267.67,5935.29,332.38,2014-11-01,11,Nov,2014,237.41
554,Government,MEX,Paseo,High,1197.0,10,3.86,4626.21,555.15,4071.07,3436.62,634.45,2014-11-01,11,Nov,2014,132.18
555,Midmarket,MEX,Paseo,High,380.0,10,0.17,62.94,7.55,55.39,41.96,13.43,2013-12-01,12,Dec,2013,41.96
556,Government,MEX,Paseo,High,1233.0,10,0.22,272.31,32.68,239.63,136.15,103.48,2014-12-01,12,Dec,2014,136.15
557,Government,MEX,Velo,High,1395.0,120,3.86,5391.45,646.97,4744.48,4005.08,739.4,2014-07-01,7,Jul,2014,1848.5
558,Government,USA,Velo,High,986.0,120,3.86,3810.73,457.29,3353.45,2830.83,522.61,2014-10-01,10,Oct,2014,1306.54
559,Government,MEX,Velo,High,905.0,120,0.22,199.87,23.98,175.88,99.93,75.95,2014-10-01,10,Oct,2014,1199.2
560,Channel Partners,CAN,VTT,High,2109.0,250,0.13,279.46,33.54,245.93,69.87,176.06,2014-05-01,5,May,2014,5822.11
561,Midmarket,FRA,VTT,High,3874.5,250,0.17,641.76,77.01,564.75,427.84,136.91,2014-07-01,7,Jul,2014,10695.95
562,Government,CAN,VTT,High,623.0,250,3.86,2407.8,288.94,2118.86,1788.65,330.21,2013-09-01,9,Sep,2013,1719.85
563,Government,USA,VTT,High,986.0,250,3.86,3810.73,457.29,3353.45,2830.83,522.61,2014-10-01,10,Oct,2014,2721.95
564,Enterprise,USA,VTT,High,2387.0,250,1.38,3294.78,395.37,2899.4,3162.99,-263.58,2014-11-01,11,Nov,2014,6589.55
565,Government,MEX,VTT,High,1233.0,250,0.22,272.31,32.68,239.63,136.15,103.48,2014-12-01,12,Dec,2014,3403.82
566,Government,USA,Amarilla,High,270.0,260,3.86,1043.51,125.22,918.29,775.18,143.11,2014-02-01,2,Feb,2014,775.18
567,Government,FRA,Amarilla,High,3421.5,260,0.08,264.47,31.74,232.73,188.91,43.83,2014-07-01,7,Jul,2014,9823.21
568,Government,CAN,Amarilla,High,2734.0,260,0.08,211.33,25.36,185.97,150.95,35.02,2014-10-01,10,Oct,2014,7849.38
569,Midmarket,USA,Amarilla,High,2548.0,260,0.17,422.04,50.64,371.4,281.36,90.04,2013-11-01,11,Nov,2013,7315.37
570,Government,FRA,Carretera,High,2521.5,3,0.22,556.87,66.82,490.04,278.43,211.61,2014-01-01,1,Jan,2014,83.53
571,Channel Partners,MEX,Montana,High,2661.0,5,0.13,352.61,42.31,310.29,88.15,222.14,2014-05-01,5,May,2014,146.92
572,Government,GER,Paseo,High,1531.0,10,0.22,338.12,40.57,297.54,169.06,128.48,2014-12-01,12,Dec,2014,169.06
573,Government,FRA,VTT,High,1491.0,250,0.08,115.25,13.83,101.42,82.32,19.1,2014-03-01,3,Mar,2014,4116.06
574,Government,GER,VTT,High,1531.0,250,0.22,338.12,40.57,297.54,169.06,128.48,2014-12-01,12,Dec,2014,4226.48
575,Channel Partners,CAN,Amarilla,High,2761.0,260,0.13,365.86,43.9,321.95,91.46,230.49,2013-09-01,9,Sep,2013,7926.9
576,Midmarket,USA,Carretera,High,2567.0,3,0.17,425.19,55.27,369.91,283.46,86.45,2014-06-01,6,Jun,2014,85.04
577,Midmarket,USA,VTT,High,2567.0,250,0.17,425.19,55.27,369.91,283.46,86.45,2014-06-01,6,Jun,2014,7086.46
578,Government,CAN,Carretera,High,923.0,3,3.86,3567.25,463.74,3103.51,2649.96,453.55,2014-03-01,3,Mar,2014,30.58
579,Government,FRA,Carretera,High,1790.0,3,3.86,6918.07,899.35,6018.72,5139.13,879.58,2014-03-01,3,Mar,2014,59.3
580,Government,GER,Carretera,High,442.0,3,0.22,97.61,12.69,84.92,48.81,36.12,2013-09-01,9,Sep,2013,14.64
581,Government,USA,Montana,High,982.5,5,3.86,3797.21,493.64,3303.57,2820.78,482.79,2014-01-01,1,Jan,2014,54.25
582,Government,USA,Montana,High,1298.0,5,0.08,100.33,13.04,87.29,71.67,15.62,2014-02-01,2,Feb,2014,71.67
583,Channel Partners,MEX,Montana,High,604.0,5,0.13,80.04,10.4,69.63,20.01,49.62,2014-06-01,6,Jun,2014,33.35
584,Government,MEX,Montana,High,2255.0,5,0.22,498.01,64.74,433.27,249.01,184.26,2014-07-01,7,Jul,2014,124.5
585,Government,CAN,Montana,High,1249.0,5,0.22,275.84,35.86,239.98,137.92,102.06,2014-10-01,10,Oct,2014,68.96
586,Government,USA,Paseo,High,1438.5,10,0.08,111.19,14.45,96.74,79.42,17.31,2014-01-01,1,Jan,2014,158.84
587,Small Business,GER,Paseo,High,807.0,10,3.31,2673.37,347.54,2325.83,2227.8,98.02,2014-01-01,1,Jan,2014,89.11
588,Government,USA,Paseo,High,2641.0,10,0.22,583.26,75.82,507.44,291.63,215.81,2014-02-01,2,Feb,2014,291.63
589,Government,GER,Paseo,High,2708.0,10,0.22,598.06,77.75,520.31,299.03,221.28,2014-02-01,2,Feb,2014,299.03
590,Government,CAN,Paseo,High,2632.0,10,3.86,10172.26,1322.39,8849.87,7556.54,1293.33,2014-06-01,6,Jun,2014,290.64
591,Enterprise,CAN,Paseo,High,1583.0,10,1.38,2185.02,284.05,1900.96,2097.61,-196.65,2014-06-01,6,Jun,2014,174.8
592,Channel Partners,MEX,Paseo,High,571.0,10,0.13,75.66,9.84,65.83,18.92,46.91,2014-07-01,7,Jul,2014,63.05
593,Government,FRA,Paseo,High,2696.0,10,0.08,208.39,27.09,181.3,148.85,32.45,2014-08-01,8,Aug,2014,297.7
594,Midmarket,CAN,Paseo,High,1565.0,10,0.17,259.22,33.7,225.52,172.81,52.71,2014-10-01,10,Oct,2014,172.81
595,Government,CAN,Paseo,High,1249.0,10,0.22,275.84,35.86,239.98,137.92,102.06,2014-10-01,10,Oct,2014,137.92
596,Government,GER,Paseo,High,357.0,10,3.86,1379.75,179.37,1200.38,1024.96,175.43,2014-11-01,11,Nov,2014,39.42
597,Channel Partners,GER,Paseo,High,1013.0,10,0.13,134.23,17.45,116.78,33.56,83.22,2014-12-01,12,Dec,2014,111.86
598,Midmarket,FRA,Velo,High,3997.5,120,0.17,662.13,86.08,576.05,441.42,134.63,2014-01-01,1,Jan,2014,5297.04
599,Government,CAN,Velo,High,2632.0,120,3.86,10172.26,1322.39,8849.87,7556.54,1293.33,2014-06-01,6,Jun,2014,3487.63
600,Government,FRA,Velo,High,1190.0,120,0.08,91.98,11.96,80.03,65.7,14.32,2014-06-01,6,Jun,2014,1576.86
601,Channel Partners,MEX,Velo,High,604.0,120,0.13,80.04,10.4,69.63,20.01,49.62,2014-06-01,6,Jun,2014,800.35
602,Midmarket,GER,Velo,High,660.0,120,0.17,109.32,14.21,95.11,72.88,22.23,2013-09-01,9,Sep,2013,874.56
603,Channel Partners,MEX,Velo,High,410.0,120,0.13,54.33,7.06,47.27,13.58,33.68,2014-10-01,10,Oct,2014,543.29
604,Small Business,MEX,Velo,High,2605.0,120,3.31,8629.64,1121.85,7507.78,7191.36,316.42,2013-11-01,11,Nov,2013,3451.86
605,Channel Partners,GER,Velo,High,1013.0,120,0.13,134.23,17.45,116.78,33.56,83.22,2014-12-01,12,Dec,2014,1342.31
606,Enterprise,CAN,VTT,High,1583.0,250,1.38,2185.02,284.05,1900.96,2097.61,-196.65,2014-06-01,6,Jun,2014,4370.03
607,Midmarket,CAN,VTT,High,1565.0,250,0.17,259.22,33.7,225.52,172.81,52.71,2014-10-01,10,Oct,2014,4320.34
608,Enterprise,CAN,Amarilla,High,1659.0,260,1.38,2289.92,297.69,1992.23,2198.32,-206.09,2014-01-01,1,Jan,2014,4763.03
609,Government,FRA,Amarilla,High,1190.0,260,0.08,91.98,11.96,80.03,65.7,14.32,2014-06-01,6,Jun,2014,3416.52
610,Channel Partners,MEX,Amarilla,High,410.0,260,0.13,54.33,7.06,47.27,13.58,33.68,2014-10-01,10,Oct,2014,1177.12
611,Channel Partners,GER,Amarilla,High,1770.0,260,0.13,234.54,30.49,204.05,58.64,145.42,2013-12-01,12,Dec,2013,5081.71
612,Government,MEX,Carretera,High,2579.0,3,0.22,569.57,79.74,489.83,284.78,205.04,2014-04-01,4,Apr,2014,85.44
613,Government,USA,Carretera,High,1743.0,3,0.22,384.94,53.89,331.05,192.47,138.58,2014-05-01,5,May,2014,57.74
614,Government,USA,Carretera,High,2996.0,3,0.08,231.58,32.42,199.16,165.42,33.74,2013-10-01,10,Oct,2013,99.25
615,Government,GER,Carretera,High,280.0,3,0.08,21.64,3.03,18.61,15.46,3.15,2014-12-01,12,Dec,2014,9.28
616,Government,FRA,Montana,High,293.0,5,0.08,22.65,3.17,19.48,16.18,3.3,2014-02-01,2,Feb,2014,16.18
617,Government,USA,Montana,High,2996.0,5,0.08,231.58,32.42,199.16,165.42,33.74,2013-10-01,10,Oct,2013,165.42
618,Midmarket,GER,Paseo,High,278.0,10,0.17,46.05,6.45,39.6,30.7,8.9,2014-02-01,2,Feb,2014,30.7
619,Government,CAN,Paseo,High,2428.0,10,0.22,536.22,75.07,461.15,268.11,193.04,2014-03-01,3,Mar,2014,268.11
620,Midmarket,USA,Paseo,High,1767.0,10,0.17,292.68,40.98,251.7,195.12,56.58,2014-09-01,9,Sep,2014,195.12
621,Channel Partners,FRA,Paseo,High,1393.0,10,0.13,184.58,25.84,158.74,46.15,112.6,2014-10-01,10,Oct,2014,153.82
622,Government,GER,VTT,High,280.0,250,0.08,21.64,3.03,18.61,15.46,3.15,2014-12-01,12,Dec,2014,772.97
623,Channel Partners,FRA,Amarilla,High,1393.0,260,0.13,184.58,25.84,158.74,46.15,112.6,2014-10-01,10,Oct,2014,3999.34
624,Channel Partners,USA,Amarilla,High,2015.0,260,0.13,267.01,37.38,229.62,66.75,162.87,2013-12-01,12,Dec,2013,5785.11
625,Small Business,MEX,Carretera,High,801.0,3,3.31,2653.49,371.49,2282.0,2211.24,70.76,2014-07-01,7,Jul,2014,26.53
626,Enterprise,FRA,Carretera,High,1023.0,3,1.38,1412.05,197.69,1214.36,1355.57,-141.2,2013-09-01,9,Sep,2013,33.89
627,Small Business,CAN,Carretera,High,1496.0,3,3.31,4955.83,693.82,4262.01,4129.86,132.16,2014-10-01,10,Oct,2014,49.56
628,Small Business,USA,Carretera,High,1010.0,3,3.31,3345.85,468.42,2877.43,2788.21,89.22,2014-10-01,10,Oct,2014,33.46
629,Midmarket,GER,Carretera,High,1513.0,3,0.17,250.61,35.09,215.52,167.07,48.45,2014-11-01,11,Nov,2014,50.12
630,Midmarket,CAN,Carretera,High,2300.0,3,0.17,380.96,53.33,327.63,253.98,73.65,2014-12-01,12,Dec,2014,76.19
631,Enterprise,MEX,Carretera,High,2821.0,3,1.38,3893.83,545.14,3348.69,3738.07,-389.38,2013-12-01,12,Dec,2013,93.45
632,Government,CAN,Montana,High,2227.5,5,3.86,8608.93,1205.25,7403.68,6395.21,1008.48,2014-01-01,1,Jan,2014,122.98
633,Government,GER,Montana,High,1199.0,5,3.86,4633.94,648.75,3985.19,3442.36,542.83,2014-04-01,4,Apr,2014,66.2
634,Government,CAN,Montana,High,200.0,5,3.86,772.97,108.22,664.75,574.2,90.55,2014-05-01,5,May,2014,11.04
635,Government,CAN,Montana,High,388.0,5,0.08,29.99,4.2,25.79,21.42,4.37,2014-09-01,9,Sep,2014,21.42
636,Government,MEX,Montana,High,1727.0,5,0.08,133.49,18.69,114.8,95.35,19.45,2013-10-01,10,Oct,2013,95.35
637,Midmarket,CAN,Montana,High,2300.0,5,0.17,380.96,53.33,327.63,253.98,73.65,2014-12-01,12,Dec,2014,126.99
638,Government,MEX,Paseo,High,260.0,10,0.22,57.42,8.04,49.38,28.71,20.67,2014-02-01,2,Feb,2014,28.71
639,Midmarket,CAN,Paseo,High,2470.0,10,0.17,409.12,57.28,351.84,272.75,79.1,2013-09-01,9,Sep,2013,272.75
640,Midmarket,CAN,Paseo,High,1743.0,10,0.17,288.7,40.42,248.29,192.47,55.82,2013-10-01,10,Oct,2013,192.47
641,Channel Partners,USA,Paseo,High,2914.0,10,0.13,386.13,54.06,332.07,96.53,235.54,2014-10-01,10,Oct,2014,321.78
642,Government,FRA,Paseo,High,1731.0,10,0.08,133.8,18.73,115.07,95.57,19.5,2014-10-01,10,Oct,2014,191.14
643,Government,CAN,Paseo,High,700.0,10,3.86,2705.39,378.75,2326.63,2009.72,316.92,2014-11-01,11,Nov,2014,77.3
644,Channel Partners,CAN,Paseo,High,2222.0,10,0.13,294.43,41.22,253.21,73.61,179.61,2013-11-01,11,Nov,2013,245.36
645,Government,USA,Paseo,High,1177.0,10,3.86,4548.92,636.85,3912.07,3379.2,532.87,2014-11-01,11,Nov,2014,129.97
646,Government,FRA,Paseo,High,1922.0,10,3.86,7428.22,1039.95,6388.27,5518.11,870.16,2013-11-01,11,Nov,2013,212.23
647,Enterprise,MEX,Velo,High,1575.0,120,1.38,2173.97,304.36,1869.62,2087.01,-217.4,2014-02-01,2,Feb,2014,2087.01
648,Government,USA,Velo,High,606.0,120,0.22,133.83,18.74,115.1,66.92,48.18,2014-04-01,4,Apr,2014,803.0
649,Small Business,USA,Velo,High,2460.0,120,3.31,8149.29,1140.9,7008.39,6791.08,217.31,2014-07-01,7,Jul,2014,3259.72
650,Small Business,CAN,Velo,High,269.0,120,3.31,891.12,124.76,766.36,742.6,23.76,2013-10-01,10,Oct,2013,356.45
651,Small Business,GER,Velo,High,2536.0,120,3.31,8401.06,1176.15,7224.91,7000.88,224.03,2013-11-01,11,Nov,2013,3360.42
652,Government,MEX,VTT,High,2903.0,250,0.08,224.39,31.41,192.98,160.28,32.7,2014-03-01,3,Mar,2014,8014.02
653,Small Business,USA,VTT,High,2541.0,250,3.31,8417.62,1178.47,7239.16,7014.69,224.47,2014-08-01,8,Aug,2014,7014.69
654,Small Business,CAN,VTT,High,269.0,250,3.31,891.12,124.76,766.36,742.6,23.76,2013-10-01,10,Oct,2013,742.6
655,Small Business,CAN,VTT,High,1496.0,250,3.31,4955.83,693.82,4262.01,4129.86,132.16,2014-10-01,10,Oct,2014,4129.86
656,Small Business,USA,VTT,High,1010.0,250,3.31,3345.85,468.42,2877.43,2788.21,89.22,2014-10-01,10,Oct,2014,2788.21
657,Government,FRA,VTT,High,1281.0,250,3.86,4950.86,693.12,4257.74,3677.78,579.96,2013-12-01,12,Dec,2013,3536.33
658,Small Business,CAN,Amarilla,High,888.0,260,3.31,2941.7,411.84,2529.86,2451.41,78.45,2014-03-01,3,Mar,2014,2549.47
659,Enterprise,USA,Amarilla,High,2844.0,260,1.38,3925.57,549.58,3375.99,3768.55,-392.56,2014-05-01,5,May,2014,8165.19
660,Channel Partners,FRA,Amarilla,High,2475.0,260,0.13,327.96,45.91,282.05,81.99,200.06,2014-08-01,8,Aug,2014,7105.79
661,Midmarket,CAN,Amarilla,High,1743.0,260,0.17,288.7,40.42,248.29,192.47,55.82,2013-10-01,10,Oct,2013,5004.2
662,Channel Partners,USA,Amarilla,High,2914.0,260,0.13,386.13,54.06,332.07,96.53,235.54,2014-10-01,10,Oct,2014,8366.17
663,Government,FRA,Amarilla,High,1731.0,260,0.08,133.8,18.73,115.07,95.57,19.5,2014-10-01,10,Oct,2014,4969.74
664,Government,MEX,Amarilla,High,1727.0,260,0.08,133.49,18.69,114.8,95.35,19.45,2013-10-01,10,Oct,2013,4958.26
665,Midmarket,MEX,Amarilla,High,1870.0,260,0.17,309.74,43.36,266.38,206.49,59.88,2013-11-01,11,Nov,2013,5368.82
666,Enterprise,FRA,Carretera,High,1174.0,3,1.38,1620.47,243.07,1377.4,1555.65,-178.25,2014-08-01,8,Aug,2014,38.89
667,Enterprise,GER,Carretera,High,2767.0,3,1.38,3819.29,572.89,3246.4,3666.52,-420.12,2014-08-01,8,Aug,2014,91.66
668,Enterprise,GER,Carretera,High,1085.0,3,1.38,1497.63,224.64,1272.98,1437.72,-164.74,2014-10-01,10,Oct,2014,35.94
669,Small Business,MEX,Montana,High,546.0,5,3.31,1808.75,271.31,1537.43,1507.29,30.15,2014-10-01,10,Oct,2014,30.15
670,Government,GER,Paseo,High,1158.0,10,0.22,255.74,38.36,217.38,127.87,89.51,2014-03-01,3,Mar,2014,127.87
671,Midmarket,CAN,Paseo,High,1614.0,10,0.17,267.34,40.1,227.24,178.22,49.01,2014-04-01,4,Apr,2014,178.22
672,Government,MEX,Paseo,High,2535.0,10,0.08,195.95,29.39,166.56,139.96,26.59,2014-04-01,4,Apr,2014,279.92
673,Government,MEX,Paseo,High,2851.0,10,3.86,11018.66,1652.8,9365.86,8185.29,1180.57,2014-05-01,5,May,2014,314.82
674,Midmarket,CAN,Paseo,High,2559.0,10,0.17,423.86,63.58,360.28,282.58,77.71,2014-08-01,8,Aug,2014,282.58
675,Government,USA,Paseo,High,267.0,10,0.22,58.97,8.84,50.12,29.48,20.64,2013-10-01,10,Oct,2013,29.48
676,Enterprise,GER,Paseo,High,1085.0,10,1.38,1497.63,224.64,1272.98,1437.72,-164.74,2014-10-01,10,Oct,2014,119.81
677,Midmarket,GER,Paseo,High,1175.0,10,0.17,194.62,29.19,165.43,129.75,35.68,2014-10-01,10,Oct,2014,129.75
678,Government,USA,Paseo,High,2007.0,10,3.86,7756.74,1163.51,6593.23,5762.15,831.08,2013-11-01,11,Nov,2013,221.62
679,Government,MEX,Paseo,High,2151.0,10,3.86,8313.27,1246.99,7066.28,6175.57,890.71,2013-11-01,11,Nov,2013,237.52
680,Channel Partners,USA,Paseo,High,914.0,10,0.13,121.11,18.17,102.95,30.28,72.67,2014-12-01,12,Dec,2014,100.93
681,Government,FRA,Paseo,High,293.0,10,0.22,64.71,9.71,55.0,32.35,22.65,2014-12-01,12,Dec,2014,32.35
682,Channel Partners,MEX,Velo,High,500.0,120,0.13,66.25,9.94,56.32,16.56,39.75,2014-03-01,3,Mar,2014,662.54
683,Midmarket,FRA,Velo,High,2826.0,120,0.17,468.09,70.21,397.87,312.06,85.82,2014-05-01,5,May,2014,3744.7
684,Enterprise,FRA,Velo,High,663.0,120,1.38,915.14,137.27,777.87,878.53,-100.67,2014-09-01,9,Sep,2014,878.53
685,Small Business,USA,Velo,High,2574.0,120,3.31,8526.94,1279.04,7247.9,7105.79,142.12,2013-11-01,11,Nov,2013,3410.78
686,Enterprise,USA,Velo,High,2438.0,120,1.38,3365.17,504.78,2860.4,3230.57,-370.17,2013-12-01,12,Dec,2013,3230.57
687,Channel Partners,USA,Velo,High,914.0,120,0.13,121.11,18.17,102.95,30.28,72.67,2014-12-01,12,Dec,2014,1211.13
688,Government,CAN,VTT,High,865.5,250,0.22,191.14,28.67,162.47,95.57,66.9,2014-07-01,7,Jul,2014,2389.3
689,Midmarket,GER,VTT,High,492.0,250,0.17,81.49,12.22,69.27,54.33,14.94,2014-07-01,7,Jul,2014,1358.22
690,Government,USA,VTT,High,267.0,250,0.22,58.97,8.84,50.12,29.48,20.64,2013-10-01,10,Oct,2013,737.08
691,Midmarket,GER,VTT,High,1175.0,250,0.17,194.62,29.19,165.43,129.75,35.68,2014-10-01,10,Oct,2014,3243.71
692,Enterprise,CAN,VTT,High,2954.0,250,1.38,4077.41,611.61,3465.8,3914.31,-448.51,2013-11-01,11,Nov,2013,8154.81
693,Enterprise,GER,VTT,High,552.0,250,1.38,761.93,114.29,647.64,731.45,-83.81,2014-11-01,11,Nov,2014,1523.85
694,Government,FRA,VTT,High,293.0,250,0.22,64.71,9.71,55.0,32.35,22.65,2014-12-01,12,Dec,2014,808.86
695,Small Business,FRA,Amarilla,High,2475.0,260,3.31,8198.98,1229.85,6969.14,6832.49,136.65,2014-03-01,3,Mar,2014,7105.79
696,Small Business,MEX,Amarilla,High,546.0,260,3.31,1808.75,271.31,1537.43,1507.29,30.15,2014-10-01,10,Oct,2014,1567.58
697,Government,MEX,Montana,High,1368.0,5,0.08,105.74,15.86,89.88,75.53,14.35,2014-02-01,2,Feb,2014,75.53
698,Government,CAN,Paseo,High,723.0,10,0.08,55.89,8.38,47.5,39.92,7.58,2014-04-01,4,Apr,2014,79.84
699,Channel Partners,USA,VTT,High,1806.0,250,0.13,239.31,35.9,203.41,59.83,143.59,2014-05-01,5,May,2014,4985.64
